1-1	I	O	
1-2	Holstebro	B-noun.location	
1-3	tør	B-verb.emotion	
1-4	de	O	
1-5	ikke	O	
1-6	lade	B-verb.act	
1-7	en	O	
1-8	skulptur	B-noun.artifact	
1-9	stå	B-verb.PARTICLE	
1-10	ude	O	
1-11	om	O	
1-12	natten	B-noun.time	
1-13	.	O	

2-1	Drengen	B-noun.person	
2-2	betragtes	B-verb.cognition	
2-3	af	O	
2-4	politiet	B-noun.person	
2-5	som	O	
2-6	farlig	B-adj.all	
2-7	,	O	
2-8	og	O	
2-9	derfor	O	
2-10	blev	O	
2-11	han	O	
2-12	efterlyst	B-verb.communication	
2-13	med	O	
2-14	navn	B-noun.attribute	
2-15	og	O	
2-16	billede	B-noun.attribute	
2-17	,	O	
2-18	selv	O	
2-19	om	O	
2-20	retten	B-noun.person	
2-21	har	O	
2-22	nedlagt	B-verb.social	
2-23	navneforbud	B-noun.communication	
2-24	.	O	

3-1	4	O	
3-2	.	O	

4-1	30	B-adj.time	
4-2	-	I-adj.time	
4-3	årige	I-adj.time	
4-4	Staal	B-noun.person	
4-5	har	O	
4-6	i	O	
4-7	denne	O	
4-8	sæson	B-noun.time	
4-9	været	B-verb.competition	
4-10	på	B-verb.COLL	
4-11	isen	B-verb.COLL	
4-12	for	O	
4-13	HV	B-noun.institution	
4-14	71	I-noun.institution	
4-15	,	O	
4-16	der	O	
4-17	netop	O	
4-18	har	O	
4-19	hentet	B-verb.competition	
4-20	sølv	B-noun.motive	
4-21	i	O	
4-22	den	O	
4-23	svenske	B-adj.social	
4-24	eliteserie	B-noun.group	
4-25	,	O	
4-26	men	O	
4-27	nu	O	
4-28	trækker	B-verb.cognition	
4-29	hans	O	
4-30	gamle	B-adj.time	
4-31	klub	B-noun.institution	
4-32	med	O	
4-33	et	O	
4-34	attraktivt	B-adj.all	
4-35	tilbud	B-noun.communication	
4-36	.	O	

5-1	Til	O	
5-2	den	O	
5-3	tid	B-noun.time	
5-4	forventer	B-verb.cognition	
5-5	regionen	B-noun.institution	
5-6	at	O	
5-7	have	O	
5-8	været	B-verb.social	
5-9	igennem	O	
5-10	en	O	
5-11	ny	B-adj.time	
5-12	udbudsrunde	B-noun.act	
5-13	,	O	
5-14	skriver	B-verb.communication	
5-15	Dagbladet	B-noun.communication	
5-16	Ringsted	I-noun.communication	
5-17	og	O	
5-18	Sjællandske	B-noun.communication	
5-19	.	O	

6-1	Ja	O	
6-2	,	O	
6-3	det	O	
6-4	var	B-verb.stative	
6-5	åbenlyst	B-adj.mental	
6-6	for	O	
6-7	alle	O	
6-8	i	O	
6-9	den	O	
6-10	tribunebuldrende	B-adj.social	
6-11	hal	B-noun.building	
6-12	i	O	
6-13	den	O	
6-14	kroatiske	B-adj.social	
6-15	havneby	B-noun.location	
6-16	Porec	B-noun.location	
6-17	:	O	

7-1	"	O	
7-2	Vi	O	
7-3	ved	B-verb.cognition	
7-4	godt	O	
7-5	,	O	
7-6	at	O	
7-7	vi	O	
7-8	er	B-verb.stative	
7-9	de	O	
7-10	bedste	B-adj.all	
7-11	.	O	

8-1	Det	O	
8-2	er	O	
8-3	blevet	B-verb.change	
8-4	til	O	
8-5	en	O	
8-6	serie	B-noun.group	
8-7	grafiske	B-adj.phys	
8-8	kunsttryk	B-noun.artifact	
8-9	,	O	
8-10	der	O	
8-11	hver	O	
8-12	især	O	
8-13	er	O	
8-14	produceret	B-verb.creation	
8-15	i	O	
8-16	et	O	
8-17	oplag	B-noun.group	
8-18	på	O	
8-19	2	O	
8-20	.	O	
8-21	000	O	
8-22	stk	B-noun.quantity	
8-23	.	O	
8-24	"	O	
8-25	Som	O	
8-26	fagnørder	B-noun.person	
8-27	i	O	
8-28	begge	O	
8-29	verdener	B-noun.domain	
8-30	har	O	
8-31	vi	O	
8-32	lagt	B-verb.cognition	
8-33	vægt	B-verb.PARTICLE	
8-34	på	O	
8-35	et	O	
8-36	grafisk	B-adj.phys	
8-37	kunsttryk	B-noun.artifact	
8-38	af	O	
8-39	høj	B-adj.all	
8-40	håndværksmæssig	B-adj.all	
8-41	kvalitet	B-noun.attribute	
8-42	"	O	
8-43	,	O	
8-44	fortæller	B-verb.communication	
8-45	Anders	B-noun.person	

9-1	Overfaldsmanden	B-noun.person	
9-2	bøjer	B-verb.motion	
9-3	sig	B-verb.REFLPRON	
9-4	over	O	
9-5	ham	O	
9-6	og	O	
9-7	siger	B-verb.communication	
9-8	:	O	

10-1	Det	O	
10-2	skulle	O	
10-3	have	O	
10-4	stået	B-verb.communication	
10-5	"	O	
10-6	lidt	O	
10-7	mere	O	
10-8	end	O	
10-9	halvdelen	B-noun.quantity	
10-10	"	O	
10-11	.	O	

11-1	Der	O	
11-2	er	B-verb.stative	
11-3	ingen	O	
11-4	tvivl	B-noun.cognition	
11-5	om	O	
11-6	,	O	
11-7	at	O	
11-8	samtidsforfattere	B-noun.person	
11-9	,	O	
11-10	som	O	
11-11	kan	O	
11-12	ramme	B-verb.cognition	
11-13	et	O	
11-14	stort	B-adj.all	
11-15	publikum	B-noun.group	
11-16	,	O	
11-17	også	O	
11-18	fremover	O	
11-19	vil	O	
11-20	få	O	
11-21	tilbudt	B-verb.communication	
11-22	store	B-adj.all	
11-23	forskud	B-noun.possession	
11-24	"	O	
11-25	,	O	
11-26	mener	B-verb.cognition	
11-27	Hans	B-noun.person	
11-28	Henrik	I-noun.person	
11-29	Schwab	I-noun.person	
11-30	.	O	

12-1	"	O	
12-2	Ja	O	
12-3	,	O	
12-4	det	O	
12-5	gør	O	
12-6	jeg	O	
12-7	.	O	

13-1	Det	O	
13-2	er	B-verb.stative	
13-3	noget	O	
13-4	,	O	
13-5	man	O	
13-6	ikke	O	
13-7	rigtigt	O	
13-8	kan	B-verb.stative	
13-9	forberede	B-verb.cognition	
13-10	sig	B-verb.REFLPRON	
13-11	på	O	
13-12	"	O	
13-13	,	O	
13-14	sagde	B-verb.communication	
13-15	tidligere	B-adj.time	
13-16	pilot	B-noun.person	
13-17	Denny	B-noun.person	
13-18	Walsh	I-noun.person	
13-19	til	O	
13-20	CNN	B-noun.communication	
13-21	.	O	

14-1	Findes	B-verb.stative	
14-2	der	O	
14-3	ikke	O	
14-4	et	O	
14-5	eneste	O	
14-6	stykke	B-noun.artifact	
14-7	papir	B-noun.communication	
14-8	i	O	
14-9	Vatikanets	B-noun.institution	
14-10	kældre	B-noun.building	
14-11	om	O	
14-12	alt	O	
14-13	det	O	
14-14	?	O	

15-1	"	O	
15-2	Jeg	O	
15-3	har	B-verb.act	
15-4	gang	B-verb.COLL	
15-5	i	B-verb.COLL	
15-6	forhandlinger	B-noun.communication	
15-7	med	O	
15-8	arrangørerne	B-noun.person	
15-9	af	O	
15-10	både	O	
15-11	Giro	B-noun.event	
15-12	d	I-noun.event	
15-13	'	I-noun.event	
15-14	Italia	I-noun.event	
15-15	og	O	
15-16	Vuelta	B-noun.event	
15-17	a	I-noun.event	
15-18	España	I-noun.event	
15-19	,	O	
15-20	og	O	
15-21	jeg	O	
15-22	anser	B-verb.cognition	
15-23	det	O	
15-24	bestemt	O	
15-25	for	O	
15-26	muligt	B-adj.all	
15-27	,	O	
15-28	at	O	
15-29	vi	O	
15-30	kommer	B-verb.social	
15-31	til	B-verb.COLL	
15-32	start	B-verb.COLL	
15-33	i	O	
15-34	hvert	O	
15-35	fald	O	
15-36	i	O	
15-37	en	O	
15-38	af	O	
15-39	de	O	
15-40	to	O	
15-41	store	B-adj.social	
15-42	begivenheder	B-noun.event	
15-43	allerede	O	
15-44	i	O	
15-45	år	B-noun.time	
15-46	.	O	

16-1	Clint	B-noun.person	
16-2	Eastwood	I-noun.person	
16-3	spiller	B-verb.act	
16-4	sig	O	
16-5	selv	O	
16-6	i	O	
16-7	stålhjelm	B-noun.artifact	
16-8	og	O	
16-9	kaki	B-noun.attribute	
16-10	.	O	

17-1	I	O	
17-2	2020	B-noun.time	
17-3	skal	O	
17-4	udledningen	B-noun.act	
17-5	af	O	
17-6	bl	O	
17-7	.	O	

18-1	Historien	B-noun.communication	
18-2	er	B-verb.stative	
18-3	noget	O	
18-4	lignende	B-verb.cognition	
18-5	vor	O	
18-6	egen	O	
18-7	klassiker	B-noun.communication	
18-8	'	O	
18-9	Mød	B-noun.communication	
18-10	mig	I-noun.communication	
18-11	på	I-noun.communication	
18-12	Cassiopeia	I-noun.communication	
18-13	'	O	
18-14	.	O	

19-1	I	O	
19-2	DEN	O	
19-3	anden	O	
19-4	af	O	
19-5	to	O	
19-6	aktuelle	B-adj.time	
19-7	-	O	
19-8	og	O	
19-9	i	O	
19-10	øvrigt	O	
19-11	ganske	O	
19-12	komplementerende	B-adj.all	
19-13	-	O	
19-14	biografier	B-noun.communication	
19-15	på	O	
19-16	dansk	B-noun.communication	
19-17	,	O	
19-18	'	O	
19-19	Michelle	B-noun.communication	
19-20	Obama	I-noun.communication	
19-21	-	I-noun.communication	
19-22	en	I-noun.communication	
19-23	biografi	I-noun.communication	
19-24	'	O	
19-25	,	O	
19-26	understøtter	B-verb.stative	
19-27	Liza	B-noun.person	
19-28	Mundy	I-noun.person	
19-29	billedet	B-noun.cognition	
19-30	af	O	
19-31	Michelle	B-noun.person	
19-32	Obama	I-noun.person	
19-33	som	O	
19-34	"	O	
19-35	en	O	
19-36	lidt	O	
19-37	gammeldags	B-adj.mental	
19-38	person	B-noun.person	
19-39	,	O	
19-40	en	O	
19-41	kvinde	B-noun.person	
19-42	,	O	
19-43	som	O	
19-44	gerne	O	
19-45	vil	O	
19-46	have	B-verb.stative	
19-47	en	O	
19-48	traditionel	B-adj.social	
19-49	,	O	
19-50	intakt	B-adj.all	
19-51	familie	B-noun.group	
19-52	omkring	O	
19-53	sig	O	
19-54	ved	O	
19-55	bordet	B-noun.artifact	
19-56	,	O	
19-57	og	O	
19-58	som	O	
19-59	først	O	
19-60	og	O	
19-61	fremmest	O	
19-62	ser	B-verb.cognition	
19-63	sig	O	
19-64	selv	O	
19-65	som	O	
19-66	mor	B-noun.person	
19-67	"	O	
19-68	.	O	

20-1	4	O	
20-2	læserbreve	B-noun.communication	
20-3	og	O	
20-4	debatindlæg	B-noun.communication	
20-5	handlede	B-verb.communication	
20-6	om	O	
20-7	Lars	B-noun.person	
20-8	Løkkes	I-noun.person	
20-9	kvalifikationer	B-noun.attribute	
20-10	til	O	
20-11	statsministerposten	B-noun.act	
20-12	.	O	

21-1	Når	O	
21-2	man	O	
21-3	tager	B-verb.communication	
21-4	ordet	B-verb.COLL	
21-5	for	O	
21-6	at	O	
21-7	tage	O	
21-8	.	O	
21-9	.	O	
21-10	.	O	

22-1	Pave	B-noun.person	
22-2	Benedikt	I-noun.person	
22-3	XVI	I-noun.person	
22-4	mener	B-verb.cognition	
22-5	ikke	O	
22-6	,	O	
22-7	at	O	
22-8	kondomer	B-noun.artifact	
22-9	er	B-verb.stative	
22-10	svaret	B-verb.communication	
22-11	på	O	
22-12	kampen	B-noun.act	
22-13	mod	O	
22-14	aids	B-noun.disease	
22-15	i	O	
22-16	Afrika	B-noun.location	
22-17	.	O	

23-1	ole	O	
23-2	ras	O	
23-3	.	O	

24-1	Fra	O	
24-2	første	B-adj.time	
24-3	kvartal	B-noun.time	
24-4	2008	B-noun.time	
24-5	til	O	
24-6	første	B-adj.time	
24-7	kvartal	B-noun.time	
24-8	2009	B-noun.time	
24-9	forsvandt	B-verb.change	
24-10	hele	O	
24-11	11	O	
24-12	.	O	
24-13	200	O	
24-14	job	B-noun.act	
24-15	i	O	
24-16	branchen	B-noun.domain	
24-17	.	O	

25-1	Så	O	
25-2	indtaster	B-verb.communication	
25-3	man	O	
25-4	engangskoden	B-noun.communication	
25-5	og	O	
25-6	er	B-verb.stative	
25-7	så	O	
25-8	logget	B-verb.communication	
25-9	ind	B-verb.COLL	
25-10	.	O	

26-1	Første	B-adj.all	
26-2	betingelse	B-noun.state	
26-3	er	O	
26-4	,	O	
26-5	at	O	
26-6	danskerklubberne	B-noun.institution	
26-7	ikke	O	
26-8	kommer	B-verb.social	
26-9	med	B-verb.COLL	
26-10	i	O	
26-11	NHL	B-noun.event	
26-12	-	I-noun.event	
26-13	slutspillet	I-noun.event	
26-14	,	O	
26-15	som	O	
26-16	er	B-verb.stative	
26-17	godt	O	
26-18	i	B-verb.COLL	
26-19	gang	B-verb.COLL	
26-20	,	O	
26-21	når	O	
26-22	der	O	
26-23	spilles	B-verb.competition	
26-24	VM	B-noun.event	
26-25	.	O	

27-1	Beskæftigelsesudvalget	B-noun.person	
27-2	under	O	
27-3	den	O	
27-4	statslige	B-adj.social	
27-5	Ankestyrelse	B-noun.institution	
27-6	behandler	B-verb.social	
27-7	typisk	O	
27-8	klager	B-noun.communication	
27-9	over	O	
27-10	kommunal	B-adj.social	
27-11	kontanthjælp	B-noun.possession	
27-12	.	O	

28-1	Bo	B-noun.person	
28-2	Weymann	I-noun.person	
28-3	mener	B-verb.cognition	
28-4	derimod	O	
28-5	,	O	
28-6	at	O	
28-7	filmen	B-noun.communication	
28-8	og	O	
28-9	hans	O	
28-10	fortælling	B-noun.communication	
28-11	kan	O	
28-12	være	B-verb.cognition	
28-13	med	B-verb.PARTICLE	
28-14	til	O	
28-15	at	O	
28-16	afholde	B-verb.cognition	
28-17	unge	B-adj.time	
28-18	mennesker	B-noun.person	
28-19	fra	O	
28-20	at	O	
28-21	følge	B-verb.social	
28-22	i	B-verb.COLL	
28-23	hans	O	
28-24	fodspor	B-verb.COLL	
28-25	.	O	

29-1	Her	O	
29-2	blev	O	
29-3	det	O	
29-4	stormet	B-verb.motion	
29-5	af	O	
29-6	tyske	B-adj.social	
29-7	elitesoldater	B-noun.person	
29-8	,	O	
29-9	og	O	
29-10	alle	O	
29-11	gidsler	B-noun.person	
29-12	blev	O	
29-13	befriet	B-verb.social	
29-14	.	O	

30-1	ritzau	O	

31-1	De	O	
31-2	moderate	B-verb.social	
31-3	muslimer	B-noun.person	
31-4	kender	B-verb.cognition	
31-5	Koranen	B-noun.communication	
31-6	,	O	
31-7	de	O	
31-8	kender	B-verb.cognition	
31-9	argumenterne	B-noun.communication	
31-10	,	O	
31-11	og	O	
31-12	de	O	
31-13	kan	O	
31-14	give	B-verb.act	
31-15	de	O	
31-16	unge	B-noun.person	
31-17	kvalificeret	B-adj.all	
31-18	modspil	B-noun.act	
31-19	.	O	

32-1	I	O	
32-2	perioden	B-noun.time	
32-3	1980	B-noun.communication	
32-4	-	O	
32-5	91	O	
32-6	var	O	
32-7	han	O	
32-8	redaktør	B-noun.person	
32-9	af	O	
32-10	fagbladet	B-noun.communication	
32-11	Praktiserende	B-noun.communication	
32-12	Speciallæger	I-noun.communication	
32-13	.	O	

33-1	Resultaterne	B-noun.communication	
33-2	af	O	
33-3	undersøgelsen	B-noun.act	
33-4	vil	O	
33-5	kunne	O	
33-6	få	B-verb.stative	
33-7	stor	O	
33-8	betydning	B-noun.cognition	
33-9	for	O	
33-10	valget	B-noun.cognition	
33-11	af	O	
33-12	optimal	B-adj.all	
33-13	behandling	B-noun.act	
33-14	for	O	
33-15	den	O	
33-16	enkelte	O	
33-17	patient	B-noun.person	
33-18	.	O	

34-1	I	O	
34-2	februar	B-noun.time	
34-3	sagde	B-verb.communication	
34-4	Nokia	B-noun.person	
34-5	,	O	
34-6	at	O	
34-7	koncernen	B-noun.person	
34-8	planlægger	B-verb.cognition	
34-9	at	O	
34-10	reducere	B-verb.change	
34-11	medarbejderstaben	B-noun.group	
34-12	globalt	B-adj.social	
34-13	med	O	
34-14	1	O	
34-15	.	O	
34-16	000	O	
34-17	ansatte	B-noun.person	
34-18	via	O	
34-19	frivillige	B-adj.mental	
34-20	aftrædelser	B-noun.act	
34-21	.	O	

35-1	Politiken	B-noun.institution	
35-2	Plus	I-noun.institution	
35-3	tilbyder	B-verb.social	
35-4	i	O	
35-5	samarbejde	B-noun.act	
35-6	med	O	
35-7	Statens	B-noun.institution	
35-8	Naturhistoriske	I-noun.institution	
35-9	Museum	I-noun.institution	
35-10	og	O	
35-11	Institut	B-noun.institution	
35-12	for	I-noun.institution	
35-13	Filosofi	I-noun.institution	
35-14	og	I-noun.institution	
35-15	Idéhistorie	I-noun.institution	
35-16	ved	O	
35-17	Aarhus	B-noun.institution	
35-18	Universitet	I-noun.institution	
35-19	en	O	
35-20	foredragsrække	B-noun.event	
35-21	om	O	
35-22	Darwin	B-noun.person	
35-23	og	O	
35-24	evolution	B-noun.domain	
35-25	.	O	

36-1	Selv	O	
36-2	deltog	B-verb.social	
36-3	jeg	O	
36-4	i	O	
36-5	demonstrationen	B-noun.act	
36-6	denne	O	
36-7	dag	B-noun.time	
36-8	og	O	
36-9	på	O	
36-10	trods	O	
36-11	af	O	
36-12	,	O	
36-13	at	O	
36-14	hen	O	
36-15	ved	O	
36-16	1	O	
36-17	.	O	
36-18	000	O	
36-19	tamilere	B-noun.person	
36-20	havde	O	
36-21	taget	B-verb.motion	
36-22	turen	B-noun.act	
36-23	til	O	
36-24	København	B-noun.location	
36-25	fra	O	
36-26	hele	B-adj.all	
36-27	landet	B-noun.location	
36-28	,	O	
36-29	mødte	B-verb.social	
36-30	kun	O	
36-31	2	O	
36-32	-	O	
36-33	3	O	
36-34	danskere	B-noun.person	
36-35	op	B-verb.PARTICLE	
36-36	i	O	
36-37	løbet	O	
36-38	af	O	
36-39	dagen	O	
36-40	.	O	

37-1	11	O	
37-2	læserbreve	B-noun.communication	
37-3	og	O	
37-4	debatindlæg	B-noun.communication	
37-5	handlede	B-verb.communication	
37-6	om	O	
37-7	Fogh	B-noun.person	
37-8	og	O	
37-9	hans	O	
37-10	nye	B-adj.time	
37-11	job	B-noun.act	
37-12	som	O	
37-13	Nato	B-noun.person	
37-14	-	I-noun.person	
37-15	generalsekretær	I-noun.person	
37-16	.	O	

38-1	Præsident	B-noun.person	
38-2	Bill	B-noun.person	
38-3	Clinton	I-noun.person	
38-4	havde	B-verb.emotion	
38-5	det	O	
38-6	skidt	B-adj.all	
38-7	om	O	
38-8	morgenen	B-noun.time	
38-9	20	O	
38-10	.	O	

39-1	Og	O	
39-2	det	O	
39-3	var	B-verb.stative	
39-4	det	O	
39-5	første	B-adj.time	
39-6	,	O	
39-7	de	O	
39-8	gjorde	B-verb.act	
39-9	,	O	
39-10	danskerne	B-noun.person	
39-11	,	O	
39-12	da	O	
39-13	de	O	
39-14	efter	O	
39-15	at	O	
39-16	være	O	
39-17	fløjet	B-verb.motion	
39-18	ind	O	
39-19	til	O	
39-20	et	O	
39-21	snedækket	B-adj.phys	
39-22	Zagreb	B-noun.location	
39-23	og	O	
39-24	have	O	
39-25	kørt	B-verb.motion	
39-26	tre	O	
39-27	og	O	
39-28	en	O	
39-29	halv	O	
39-30	time	B-noun.time	
39-31	i	O	
39-32	bus	B-noun.vehicle	
39-33	gennem	O	
39-34	det	O	
39-35	smukkeste	B-adj.phys	
39-36	,	O	
39-37	bakkede	B-adj.phys	
39-38	og	O	
39-39	skovklædte	B-adj.phys	
39-40	vinterlandskab	B-noun.location	
39-41	rullede	B-verb.motion	
39-42	ind	O	
39-43	i	O	
39-44	Porec	B-noun.location	
39-45	ved	O	
39-46	Adriaterhavet	B-noun.location	
39-47	og	O	
39-48	blev	O	
39-49	indkvarteret	B-verb.act	
39-50	på	O	
39-51	hotel	B-noun.building	
39-52	Diamant	I-noun.building	
39-53	.	O	

40-1	Udbruddet	B-noun.communication	
40-2	fra	O	
40-3	de	O	
40-4	fremmødte	O	
40-5	professorer	B-noun.person	
40-6	,	O	
40-7	studerende	B-noun.person	
40-8	og	O	
40-9	det	O	
40-10	tekniske	B-adj.all	
40-11	personale	B-noun.person	
40-12	kom	B-verb.communication	
40-13	,	O	
40-14	fordi	O	
40-15	de	O	
40-16	har	O	
40-17	følt	B-verb.emotion	
40-18	sig	B-verb.REFLPRON	
40-19	alt	O	
40-20	andet	O	
40-21	end	O	
40-22	velorienterede	B-verb.communication	
40-23	om	O	
40-24	,	O	
40-25	hvorfor	O	
40-26	ledelsen	B-noun.person	
40-27	fyrer	B-verb.social	
40-28	24	O	
40-29	forskere	B-noun.person	
40-30	og	O	
40-31	13	O	
40-32	personer	B-noun.person	
40-33	blandt	O	
40-34	det	O	
40-35	tekniske	B-adj.all	
40-36	og	O	
40-37	administrative	B-adj.social	
40-38	personale	B-noun.person	
40-39	.	O	

41-1	I	O	
41-2	1978	B-noun.time	
41-3	vendte	B-verb.motion	
41-4	han	O	
41-5	hjem	B-verb.COLL	
41-6	til	O	
41-7	sin	O	
41-8	fædrene	B-adj.social	
41-9	gård	B-noun.building	
41-10	,	O	
41-11	godset	B-noun.building	
41-12	Egemarke	B-noun.building	
41-13	,	O	
41-14	som	O	
41-15	han	O	
41-16	overtog	B-verb.possession	
41-17	efter	O	
41-18	sin	O	
41-19	far	B-noun.person	
41-20	,	O	
41-21	Aage	B-noun.person	
41-22	Lohmann	I-noun.person	
41-23	Poulsen	I-noun.person	
41-24	.	O	

42-1	I	O	
42-2	aften	B-noun.time	
42-3	kan	O	
42-4	man	O	
42-5	blandt	O	
42-6	andet	O	
42-7	møde	B-verb.social	
42-8	de	O	
42-9	unge	B-adj.phys	
42-10	håb	B-noun.person	
42-11	Fleet	B-noun.person	
42-12	Foxes	I-noun.person	
42-13	,	O	
42-14	Tiny	B-noun.person	
42-15	Vipers	I-noun.person	
42-16	og	O	
42-17	The	B-noun.person	
42-18	Lonely	I-noun.person	
42-19	H	I-noun.person	
42-20	samt	O	
42-21	Seattles	B-noun.institution	
42-22	største	B-adj.social	
42-23	succes	B-noun.cognition	
42-24	i	O	
42-25	de	O	
42-26	senere	B-adj.time	
42-27	år	B-noun.time	
42-28	-	O	
42-29	Band	B-noun.person	
42-30	Of	I-noun.person	
42-31	Horses	I-noun.person	
42-32	,	O	
42-33	som	O	
42-34	spillede	B-verb.social	
42-35	på	O	
42-36	Roskilde	B-noun.event	
42-37	Festival	I-noun.event	
42-38	i	O	
42-39	2008	B-noun.time	
42-40	.	O	

43-1	Niels	B-noun.person	
43-2	Olsen	I-noun.person	
43-3	står	B-verb.stative	
43-4	bag	B-verb.PARTICLE	
43-5	de	O	
43-6	to	O	
43-7	manipulerede	B-adj.phys	
43-8	billeder	B-noun.artifact	
43-9	ovenfor	O	
43-10	.	O	

44-1	Togtrafikken	B-noun.abstract	
44-2	mellem	O	
44-3	Vejle	B-noun.location	
44-4	og	O	
44-5	Århus	B-noun.location	
44-6	var	B-verb.stative	
44-7	i	O	
44-8	går	B-noun.time	
44-9	lammet	B-adj.social	
44-10	i	O	
44-11	flere	O	
44-12	timer	B-noun.time	
44-13	efter	O	
44-14	en	O	
44-15	personpåkørsel	B-noun.act	
44-16	ved	O	
44-17	Horsens	B-noun.location	
44-18	.	O	

45-1	Endelig	O	
45-2	strider	B-verb.stative	
45-3	det	O	
45-4	ifølge	O	
45-5	advokaterne	B-noun.person	
45-6	mod	B-verb.PARTICLE	
45-7	konventionens	B-noun.cognition	
45-8	artikel	B-noun.communication	
45-9	om	O	
45-10	bevægelsesfrihed	B-noun.state	
45-11	,	O	
45-12	når	O	
45-13	de	O	
45-14	skal	O	
45-15	melde	B-verb.communication	
45-16	sig	B-verb.REFLPRON	
45-17	i	O	
45-18	Sandholm	B-noun.location	
45-19	flere	O	
45-20	gange	B-noun.time	
45-21	om	O	
45-22	ugen	B-noun.time	
45-23	.	O	

46-1	Når	O	
46-2	den	O	
46-3	tidligere	B-adj.time	
46-4	dobbelte	B-adj.all	
46-5	danske	B-adj.social	
46-6	mester	B-noun.person	
46-7	i	O	
46-8	cykelcross	B-noun.act	
46-9	Joachim	B-noun.person	
46-10	Parbo	I-noun.person	
46-11	i	O	
46-12	dag	B-noun.time	
46-13	forsøger	B-verb.act	
46-14	at	O	
46-15	tilbageerobre	B-verb.competition	
46-16	den	O	
46-17	hjemlige	B-adj.all	
46-18	trone	B-noun.motive	
46-19	i	O	
46-20	Helsingør	B-noun.location	
46-21	,	O	
46-22	jagter	B-verb.act	
46-23	han	O	
46-24	også	O	
46-25	point	B-noun.motive	
46-26	til	O	
46-27	verdensranglisten	B-noun.cognition	
46-28	med	O	
46-29	henblik	B-noun.motive	
46-30	på	O	
46-31	at	O	
46-32	være	B-verb.social	
46-33	startberettiget	B-verb.social	
46-34	ved	O	
46-35	VM	B-noun.event	
46-36	i	O	
46-37	Holland	B-noun.location	
46-38	om	O	
46-39	tre	O	
46-40	uger	B-noun.time	
46-41	.	O	

47-1	Denne	O	
47-2	virksomhed	B-noun.person	
47-3	har	O	
47-4	valgt	B-verb.cognition	
47-5	at	O	
47-6	halvere	B-verb.change	
47-7	arbejdstiden	B-noun.time	
47-8	for	O	
47-9	292	O	
47-10	medarbejdere	B-noun.person	
47-11	i	O	
47-12	Gråsten	B-noun.location	
47-13	og	O	
47-14	Nordborg	B-noun.location	
47-15	.	O	

48-1	"	O	
48-2	Du	O	
48-3	har	B-verb.cognition	
48-4	ret	B-verb.PARTICLE	
48-5	,	O	
48-6	politik	B-noun.domain	
48-7	her	O	
48-8	er	O	
48-9	blevet	B-verb.change	
48-10	en	O	
48-11	familieaffære	B-noun.abstract	
48-12	med	O	
48-13	de	O	
48-14	samme	B-adj.all	
48-15	efternavne	B-noun.attribute	
48-16	.	O	

49-1	Ulykken	B-noun.event	
49-2	skete	B-verb.change	
49-3	,	O	
49-4	da	O	
49-5	kvinden	B-noun.person	
49-6	var	B-verb.aspectual	
49-7	i	B-verb.COLL	
49-8	gang	B-verb.COLL	
49-9	med	B-verb.COLL	
49-10	at	O	
49-11	fyre	B-verb.act	
49-12	op	B-verb.PARTICLE	
49-13	.	O	

50-1	"	O	
50-2	For	O	
50-3	tredje	O	
50-4	måned	B-noun.time	
50-5	i	O	
50-6	træk	O	
50-7	kørte	B-verb.motion	
50-8	95	O	
50-9	procent	B-noun.quantity	
50-10	af	O	
50-11	vores	O	
50-12	tog	B-noun.vehicle	
50-13	ellers	O	
50-14	til	O	
50-15	tiden	O	
50-16	,	O	
50-17	så	O	
50-18	er	B-verb.stative	
50-19	det	O	
50-20	stjerneærgerligt	B-adj.all	
50-21	,	O	
50-22	at	O	
50-23	der	O	
50-24	kommer	B-verb.stative	
50-25	en	O	
50-26	enkelt	B-adj.all	
50-27	dag	B-noun.time	
50-28	og	O	
50-29	ødelægger	B-verb.change	
50-30	det	O	
50-31	hele	O	
50-32	"	O	
50-33	,	O	
50-34	siger	B-verb.communication	
50-35	Niels	B-noun.person	
50-36	Martin	I-noun.person	
50-37	Methman	I-noun.person	
50-38	.	O	

51-1	I	O	
51-2	går	B-noun.time	
51-3	kunne	O	
51-4	Politiken	B-noun.person	
51-5	afsløre	B-verb.communication	
51-6	,	O	
51-7	at	O	
51-8	to	O	
51-9	dokumenter	B-noun.artifact	
51-10	i	O	
51-11	fangesagen	B-noun.event	
51-12	er	O	
51-13	bortkommet	B-verb.motion	
51-14	i	O	
51-15	Forsvarsministeriets	B-noun.institution	
51-16	egne	O	
51-17	arkiver	B-noun.building	
51-18	.	O	

52-1	I	O	
52-2	modersange	B-noun.communication	
52-3	som	O	
52-4	'	O	
52-5	Meinem	B-noun.communication	
52-6	Kinde	I-noun.communication	
52-7	'	O	
52-8	og	O	
52-9	'	O	
52-10	Muttertändelei	B-noun.communication	
52-11	'	O	
52-12	mangler	B-verb.stative	
52-13	Tilling	B-noun.person	
52-14	den	O	
52-15	fornødne	B-adj.all	
52-16	empati	B-noun.feeling	
52-17	i	O	
52-18	forhold	O	
52-19	til	O	
52-20	teksten	B-noun.communication	
52-21	.	O	

53-1	Videnskabsministeriet	B-noun.person	
53-2	håber	B-verb.cognition	
53-3	,	O	
53-4	at	O	
53-5	et	O	
53-6	nyt	B-adj.time	
53-7	forskningsskib	B-noun.vehicle	
53-8	i	O	
53-9	mellemklassen	B-noun.cognition	
53-10	på	O	
53-11	25	O	
53-12	-	O	
53-13	35	O	
53-14	meter	B-noun.quantity	
53-15	kan	O	
53-16	finansieres	B-verb.social	
53-17	af	O	
53-18	en	O	
53-19	særlig	B-adj.all	
53-20	pulje	B-noun.group	
53-21	under	O	
53-22	de	O	
53-23	såkaldte	O	
53-24	globaliseringsmidler	B-noun.possession	
53-25	.	O	

54-1	Så	O	
54-2	er	B-verb.stative	
54-3	der	O	
54-4	mere	O	
54-5	klar	B-adj.all	
54-6	udmelding	B-noun.communication	
54-7	i	O	
54-8	bekendelserne	B-noun.communication	
54-9	,	O	
54-10	når	O	
54-11	Allen	B-noun.person	
54-12	holder	B-verb.cognition	
54-13	sig	B-verb.REFLPRON	
54-14	til	O	
54-15	det	O	
54-16	udsyn	B-noun.communication	
54-17	,	O	
54-18	der	O	
54-19	kendes	B-verb.cognition	
54-20	fra	O	
54-21	damebladsklummerne	B-noun.communication	
54-22	.	O	

55-1	Mere	O	
55-2	end	O	
55-3	91	O	
55-4	.	O	
55-5	000	O	
55-6	kinesere	B-noun.person	
55-7	omkom	B-verb.change	
55-8	i	O	
55-9	fjor	B-noun.time	
55-10	ved	O	
55-11	ulykker	B-noun.event	
55-12	i	O	
55-13	trafikken	B-noun.act	
55-14	og	O	
55-15	på	O	
55-16	arbejdspladser	B-noun.building	
55-17	,	O	
55-18	rapporterer	B-verb.communication	
55-19	lokale	B-adj.social	
55-20	medier	B-noun.person	
55-21	.	O	

56-1	Tilbage	O	
56-2	står	B-verb.stative	
56-3	i	O	
56-4	så	O	
56-5	fald	O	
56-6	foreløbig	O	
56-7	modkandidater	B-noun.person	
56-8	fra	O	
56-9	Polen	B-noun.location	
56-10	og	O	
56-11	Bulgarien	B-noun.location	
56-12	.	O	

57-1	Så	O	
57-2	giver	B-verb.social	
57-3	I	O	
57-4	bare	O	
57-5	fremmede	B-adj.social	
57-6	frø	B-noun.plant	
57-7	mulighed	B-noun.state	
57-8	for	O	
57-9	at	O	
57-10	spire	B-verb.change	
57-11	.	O	

58-1	Mette	B-noun.person	
58-2	Thomsen	I-noun.person	
58-3	:	O	

59-1	Ebbe	B-noun.person	
59-2	Juul	I-noun.person	
59-3	-	I-noun.person	
59-4	Heider	I-noun.person	
59-5	,	O	
59-6	Beder	B-noun.location	
59-7	,	O	
59-8	63	O	
59-9	,	O	
59-10	sanger	B-noun.person	
59-11	,	O	
59-12	fotomodel	B-noun.person	
59-13	,	O	
59-14	skuespiller	B-noun.person	
59-15	Birte	B-noun.person	
59-16	Tove	I-noun.person	
59-17	,	O	
59-18	Holte	B-noun.location	
59-19	,	O	
59-20	64	O	
59-21	,	O	
59-22	koncerndirektør	B-noun.person	
59-23	,	O	
59-24	cand	B-noun.person	
59-25	.	I-noun.person	
59-26	polit	I-noun.person	
59-27	.	O	

60-1	Drop	B-verb.act	
60-2	stokkemetoder	B-noun.cognition	

61-1	-	O	
61-2	Lad	B-verb.cognition	
61-3	være	B-verb.PARTICLE	
61-4	med	O	
61-5	at	O	
61-6	løbe	B-verb.cognition	
61-7	med	B-verb.PARTICLE	
61-8	på	O	
61-9	den	O	
61-10	ide	B-noun.cognition	
61-11	,	O	
61-12	at	O	
61-13	almindelige	B-adj.all	
61-14	husejere	B-noun.person	
61-15	og	O	
61-16	boligkøbere	B-noun.person	
61-17	på	O	
61-18	nogen	O	
61-19	måde	B-noun.state	
61-20	reelt	B-adj.social	
61-21	har	B-verb.cognition	
61-22	et	O	
61-23	betydeligt	B-adj.all	
61-24	ansvar	B-noun.cognition	
61-25	for	O	
61-26	den	O	
61-27	aktuelle	B-adj.time	
61-28	krise	B-noun.state	
61-29	.	O	

62-1	45	O	
62-2	år	B-noun.time	
62-3	i	O	
62-4	dag	B-noun.time	
62-5	.	O	

63-1	Henning	B-noun.person	
63-2	Gade	I-noun.person	
63-3	-	I-noun.person	
63-4	Rasmussen	I-noun.person	
63-5	,	O	
63-6	Hvidovre	B-noun.location	
63-7	,	O	
63-8	83	O	
63-9	,	O	
63-10	fhv	O	
63-11	.	O	
63-12	underdirektør	B-noun.person	
63-13	,	O	
63-14	bibliotekar	B-noun.person	
63-15	Ib	B-noun.person	
63-16	Mortensen	I-noun.person	
63-17	,	O	
63-18	Værløse	B-noun.location	
63-19	,	O	
63-20	83	O	
63-21	,	O	
63-22	overlæge	B-noun.person	
63-23	,	O	
63-24	dr	B-noun.person	
63-25	.	I-noun.person	
63-26	med	I-noun.person	
63-27	.	O	

64-1	Min	O	
64-2	egen	O	
64-3	far	B-noun.person	
64-4	fik	O	
64-5	f	O	
64-6	.	O	

65-1	Reglen	B-noun.cognition	
65-2	om	O	
65-3	forudgående	B-adj.time	
65-4	uddannelse	B-noun.act	
65-5	kan	O	
65-6	dog	O	
65-7	fraviges	B-verb.social	
65-8	,	O	
65-9	hvis	O	
65-10	den	O	
65-11	pågældende	B-adj.all	
65-12	uddannelse	B-noun.act	
65-13	er	O	
65-14	forældet	B-adj.time	
65-15	,	O	
65-16	eller	O	
65-17	der	O	
65-18	er	B-verb.stative	
65-19	tale	B-verb.COLL	
65-20	om	O	
65-21	en	O	
65-22	person	B-noun.person	
65-23	med	O	
65-24	en	O	
65-25	ledighed	B-noun.state	
65-26	på	O	
65-27	minimum	B-noun.quantity	
65-28	9	O	
65-29	måneder	B-noun.time	
65-30	.	O	

66-1	Xtracon	B-noun.event	
66-2	-	I-noun.event	
66-3	Skakligaen	I-noun.event	
66-4	tegnede	B-verb.cognition	
66-5	spændende	B-adj.all	
66-6	i	O	
66-7	år	B-noun.time	
66-8	.	O	

67-1	Guldbrandsens	B-noun.person	
67-2	dokumentar	B-noun.communication	
67-3	er	B-verb.stative	
67-4	fair	B-adj.all	

68-1	Passagererne	B-noun.person	
68-2	kan	O	
68-3	kun	O	
68-4	konstatere	B-verb.cognition	
68-5	,	O	
68-6	at	O	
68-7	det	O	
68-8	er	B-verb.stative	
68-9	en	O	
68-10	opfølgning	B-noun.act	
68-11	på	O	
68-12	afgifter	B-noun.possession	
68-13	for	O	
68-14	bl	O	
68-15	.	O	
68-16	a	O	
68-17	.	O	

69-1	,	O	
69-2	Kræftens	B-noun.institution	
69-3	Bekæmpelse	I-noun.institution	
69-4	og	O	
69-5	Herlev	B-noun.institution	
69-6	Hospital	I-noun.institution	
69-7	.	O	

70-1	Zimbabwes	B-noun.institution	
70-2	præsident	B-noun.person	
70-3	,	O	
70-4	Robert	B-noun.person	
70-5	Mugabe	I-noun.person	
70-6	,	O	
70-7	bør	O	
70-8	anklages	B-verb.social	
70-9	for	O	
70-10	forbrydelser	B-noun.act	
70-11	mod	O	
70-12	menneskeheden	B-noun.animal	
70-13	på	O	
70-14	grund	O	
70-15	af	O	
70-16	menneskerettighedskrænkelser	B-noun.act	
70-17	og	O	
70-18	sammenbruddet	B-noun.event	
70-19	i	O	
70-20	Zimbabwes	B-noun.institution	
70-21	sundhedssystem	B-noun.cognition	
70-22	,	O	
70-23	anbefaler	B-verb.communication	
70-24	organisationen	B-noun.person	
70-25	Læger	B-noun.person	
70-26	for	I-noun.person	
70-27	Menneskerettigheder	I-noun.person	
70-28	efter	O	
70-29	et	O	
70-30	besøg	B-noun.act	
70-31	i	O	
70-32	Zimbabwe	B-noun.location	
70-33	i	O	
70-34	sidste	B-adj.time	
70-35	måned	B-noun.time	
70-36	.	O	

71-1	Der	O	
71-2	kræves	B-verb.social	
71-3	blot	O	
71-4	en	O	
71-5	holdningsændring	B-noun.cognition	
71-6	.	O	

72-1	Anti	B-noun.person	
72-2	Doping	I-noun.person	
72-3	Danmark	I-noun.person	
72-4	testede	B-verb.act	
72-5	i	O	
72-6	2007	B-noun.time	
72-7	173	O	
72-8	personer	B-noun.person	
72-9	i	O	
72-10	motionscentre	B-noun.building	
72-11	.	O	

73-1	Rejser	O	
73-2	tog	B-verb.motion	
73-3	først	O	
73-4	turen	B-verb.COLL	
73-5	hen	O	
73-6	til	O	
73-7	Commonwealth	B-noun.location	
73-8	-	I-noun.location	
73-9	kirkegården	I-noun.location	
73-10	,	O	
73-11	hvor	O	
73-12	7	O	
73-13	.	O	
73-14	367	O	
73-15	gravsten	B-noun.artifact	
73-16	markerer	B-verb.communication	
73-17	ofrene	B-noun.person	
73-18	fra	O	
73-19	Storbritannien	B-noun.location	
73-20	,	O	
73-21	New	B-noun.location	
73-22	Zealand	I-noun.location	
73-23	,	O	
73-24	Australien	B-noun.location	
73-25	,	O	
73-26	Canada	B-noun.location	
73-27	,	O	
73-28	Sydafrika	B-noun.location	
73-29	,	O	
73-30	Grækenland	B-noun.location	
73-31	,	O	
73-32	Frankrig	B-noun.location	
73-33	,	O	
73-34	Indien	B-noun.location	
73-35	og	O	
73-36	Malaysia	B-noun.location	
73-37	.	O	

74-1	En	O	
74-2	dansk	B-adj.social	
74-3	ekstrem	B-noun.person	
74-4	-	I-noun.person	
74-5	skiløber	I-noun.person	
74-6	i	O	
74-7	30	B-noun.time	
74-8	'	I-noun.time	
74-9	erne	I-noun.time	
74-10	døde	B-verb.change	
74-11	i	O	
74-12	går	B-noun.time	
74-13	efter	O	
74-14	at	O	
74-15	være	O	
74-16	styrtet	B-verb.motion	
74-17	ned	O	
74-18	ad	O	
74-19	et	O	
74-20	fjeld	B-noun.object	
74-21	i	O	
74-22	Rauma	B-noun.location	
74-23	i	O	
74-24	Norge	B-noun.location	
74-25	.	O	

75-1	Der	O	
75-2	har	O	
75-3	været	O	
75-4	en	O	
75-5	lang	B-adj.time	
75-6	tradition	B-noun.cognition	
75-7	for	O	
75-8	hemmeligholdelse	B-noun.cognition	
75-9	i	O	
75-10	IOC	B-noun.institution	
75-11	.	O	

76-1	-	O	
76-2	Nu	O	
76-3	har	O	
76-4	min	O	
76-5	kone	B-noun.person	
76-6	og	O	
76-7	jeg	O	
76-8	slidt	B-verb.act	
76-9	derude	O	
76-10	i	O	
76-11	syv	O	
76-12	samfulde	B-adj.all	
76-13	aar	B-noun.time	
76-14	,	O	
76-15	spillet	B-verb.communication	
76-16	baade	O	
76-17	sommer	B-noun.time	
76-18	og	O	
76-19	vinter	B-noun.time	
76-20	og	O	
76-21	søgt	B-verb.cognition	
76-22	at	O	
76-23	følge	B-verb.cognition	
76-24	den	O	
76-25	store	B-adj.all	
76-26	,	O	
76-27	gamle	B-adj.time	
76-28	dames	B-noun.person	
76-29	linje	B-noun.cognition	
76-30	.	O	

77-1	Men	O	
77-2	det	O	
77-3	er	B-verb.stative	
77-4	ikke	O	
77-5	lige	O	
77-6	meget	O	
77-7	,	O	
77-8	om	O	
77-9	den	O	
77-10	klassiske	B-adj.all	
77-11	musik	B-noun.communication	
77-12	præsenteres	B-verb.communication	
77-13	på	O	
77-14	det	O	
77-15	danske	B-adj.social	
77-16	sprog	B-noun.communication	
77-17	og	O	
77-18	på	O	
77-19	en	O	
77-20	dansk	B-adj.social	
77-21	kulturbaggrund	B-noun.cognition	
77-22	eller	O	
77-23	på	O	
77-24	en	O	
77-25	tysk	B-adj.social	
77-26	eller	O	
77-27	fransk	B-adj.social	
77-28	.	O	

78-1	22	B-adj.time	
78-2	-	I-adj.time	
78-3	årige	I-adj.time	
78-4	Marcus	B-noun.person	
78-5	Tracy	I-noun.person	
78-6	valgte	B-verb.cognition	
78-7	torsdag	B-noun.time	
78-8	danske	B-adj.social	
78-9	AaB	B-noun.institution	
78-10	i	O	
78-11	stedet	O	
78-12	for	O	
78-13	amerikansk	B-adj.social	
78-14	fodbold	B-noun.domain	
78-15	.	O	

79-1	Sex	B-noun.act	
79-2	er	B-verb.stative	
79-3	stadigvæk	O	
79-4	lige	O	
79-5	om	O	
79-6	hjørnet	B-noun.cognition	
79-7	og	O	
79-8	nu	O	
79-9	og	O	
79-10	da	O	
79-11	alt	O	
79-12	,	O	
79-13	men	O	
79-14	også	O	
79-15	nogle	O	
79-16	gange	B-noun.time	
79-17	for	O	
79-18	Hank	B-noun.person	
79-19	som	O	
79-20	æg	B-noun.food	
79-21	uden	O	
79-22	salt	B-noun.food	
79-23	.	O	

80-1	Det	O	
80-2	er	B-verb.stative	
80-3	ikke	O	
80-4	småting	B-noun.abstract	
80-5	,	O	
80-6	troende	B-noun.person	
80-7	har	O	
80-8	takket	B-verb.communication	
80-9	Jesus	B-noun.person	
80-10	for	O	
80-11	gennem	O	
80-12	årene	B-noun.time	
80-13	.	O	

81-1	Thi	O	
81-2	først	O	
81-3	brød	B-verb.social	
81-4	han	O	
81-5	igennem	B-verb.COLL	
81-6	til	O	
81-7	det	O	
81-8	store	B-adj.all	
81-9	publikum	B-noun.person	
81-10	med	O	
81-11	den	O	
81-12	på	O	
81-13	mange	O	
81-14	måder	B-noun.state	
81-15	uhyre	O	
81-16	vellykkede	B-adj.all	
81-17	filmatisering	B-noun.act	
81-18	af	O	
81-19	Umberto	B-noun.person	
81-20	Ecos	I-noun.person	
81-21	'	O	
81-22	Rosens	B-noun.communication	
81-23	navn	I-noun.communication	
81-24	'	O	
81-25	.	O	

82-1	Blandt	O	
82-2	realkreditobligationerne	B-noun.possession	
82-3	lukkede	B-verb.change	
82-4	4	O	
82-5	-	O	
82-6	35	O	
82-7	'	O	
82-8	erne	O	
82-9	0	O	
82-10	,	O	
82-11	62	O	
82-12	point	B-noun.quantity	
82-13	lavere	B-adj.all	
82-14	i	O	
82-15	kurs	B-noun.quantity	
82-16	91	O	
82-17	,	O	
82-18	48	O	
82-19	med	O	
82-20	en	O	
82-21	effektiv	B-adj.all	
82-22	rente	B-noun.quantity	
82-23	på	O	
82-24	4	O	
82-25	,	O	
82-26	93	O	
82-27	pct	B-noun.quantity	
82-28	.	O	

83-1	Tyskland	B-noun.institution	
83-2	har	B-verb.stative	
83-3	imidlertid	O	
83-4	denne	O	
83-5	gang	B-noun.time	
83-6	i	O	
83-7	modsætning	B-noun.relation	
83-8	til	O	
83-9	i	O	
83-10	Oberhof	B-noun.institution	
83-11	både	O	
83-12	Andrea	B-noun.person	
83-13	Henkel	I-noun.person	
83-14	og	O	
83-15	Magdalena	B-noun.person	
83-16	Neuner	I-noun.person	
83-17	til	B-verb.COLL	
83-18	rådighed	B-verb.COLL	
83-19	,	O	
83-20	og	O	
83-21	de	O	
83-22	udgør	B-verb.stative	
83-23	sammen	O	
83-24	med	O	
83-25	Kati	B-noun.person	
83-26	Wilhelm	I-noun.person	
83-27	og	O	
83-28	enten	O	
83-29	Kathrin	B-noun.person	
83-30	Hitzer	I-noun.person	
83-31	eller	O	
83-32	Simone	B-noun.person	
83-33	Hauswald	I-noun.person	
83-34	kvartetten	B-noun.group	
83-35	i	O	
83-36	den	O	
83-37	sidste	B-adj.time	
83-38	styrkeprøve	B-noun.act	
83-39	af	O	
83-40	denne	O	
83-41	art	B-noun.cognition	
83-42	inden	O	
83-43	VM	B-noun.event	
83-44	.	O	

84-1	1	O	
84-2	.	O	
84-3	50	O	
84-4	-	O	

85-1	Kog	B-verb.change	
85-2	,	O	
85-3	til	O	
85-4	kartoflerne	B-noun.food	
85-5	er	B-verb.stative	
85-6	knap	O	
85-7	møre	B-adj.phys	
85-8	,	O	
85-9	smag	B-verb.change	
85-10	retten	B-noun.food	
85-11	til	B-verb.PARTICLE	
85-12	med	O	
85-13	bouillon	B-noun.food	
85-14	/	O	
85-15	salt	B-noun.food	
85-16	og	O	
85-17	karrypasta	B-noun.food	
85-18	.	O	

86-1	allan	O	
86-2	.	O	
86-3	graubaek@pol	O	
86-4	.	O	
86-5	dk	O	

87-1	21	O	
87-2	.	O	
87-3	55	O	

88-1	Billetter	B-noun.communication	
88-2	til	O	
88-3	Tivoli	B-noun.location	
88-4	85	O	
88-5	kr	B-noun.quantity	
88-6	.	O	

89-1	1	O	

90-1	Olesens	B-noun.person	
90-2	film	B-noun.communication	
90-3	'	O	
90-4	Lille	B-noun.communication	
90-5	soldat	I-noun.communication	
90-6	'	O	
90-7	,	O	
90-8	som	O	
90-9	kun	O	
90-10	blev	O	
90-11	set	B-verb.perception	
90-12	af	O	
90-13	18	O	
90-14	.	O	
90-15	500	O	
90-16	.	O	

91-1	Den	O	
91-2	var	B-verb.stative	
91-3	lidt	O	
91-4	ujævn	B-adj.all	
91-5	,	O	
91-6	men	O	
91-7	jeg	O	
91-8	kan	B-verb.emotion	
91-9	godt	O	
91-10	lide	B-verb.COLL	
91-11	ting	B-noun.TOP	
91-12	,	O	
91-13	hvor	O	
91-14	der	O	
91-15	er	B-verb.stative	
91-16	nogle	O	
91-17	bump	B-noun.artifact	
91-18	på	O	
91-19	vejen	B-noun.location	
91-20	.	O	

92-1	"	O	
92-2	Hvis	O	
92-3	den	O	
92-4	slags	B-noun.cognition	
92-5	kan	O	
92-6	foregå	B-verb.stative	
92-7	i	O	
92-8	Kiel	B-noun.location	
92-9	,	O	
92-10	som	O	
92-11	er	B-verb.stative	
92-12	et	O	
92-13	forbillede	B-noun.cognition	
92-14	for	O	
92-15	os	O	
92-16	alle	O	
92-17	sammen	O	
92-18	,	O	
92-19	er	B-verb.stative	
92-20	det	O	
92-21	noget	O	
92-22	skidt	B-adj.all	
92-23	.	O	

93-1	For	O	
93-2	går	B-verb.change	
93-3	der	O	
93-4	ged	B-verb.COLL	
93-5	i	B-verb.COLL	
93-6	den	O	
93-7	et	O	
93-8	sted	B-noun.cognition	
93-9	,	O	
93-10	ender	B-verb.change	
93-11	aben	B-noun.cognition	
93-12	med	O	
93-13	statsgaranti	B-noun.cognition	
93-14	hos	O	
93-15	statsministeren	B-noun.person	
93-16	.	O	

94-1	Den	O	
94-2	har	O	
94-3	dog	O	
94-4	ikke	O	
94-5	været	B-verb.stative	
94-6	lavere	B-adj.phys	
94-7	,	O	
94-8	end	O	
94-9	at	O	
94-10	den	O	
94-11	har	O	
94-12	tilladt	B-verb.stative	
94-13	bankerne	B-noun.institution	
94-14	at	O	
94-15	præstere	B-verb.act	
94-16	det	O	
94-17	ene	O	
94-18	rekordoverskud	B-noun.possession	
94-19	efter	O	
94-20	det	O	
94-21	andet	O	
94-22	de	O	
94-23	seneste	B-adj.time	
94-24	ti	O	
94-25	år	O	
94-26	.	B-noun.time	

95-1	Man	O	
95-2	skal	O	
95-3	holde	B-verb.cognition	
95-4	fokus	B-noun.cognition	
95-5	på	O	
95-6	sekstrækket	B-noun.act	
95-7	,	O	
95-8	da	O	
95-9	det	O	
95-10	er	B-verb.stative	
95-11	så	O	
95-12	sjældent	B-adj.time	
95-13	,	O	
95-14	man	O	
95-15	skal	B-verb.social	
95-16	i	O	
95-17	storeslem	B-noun.communication	
95-18	.	O	

96-1	Spørgsmålene	B-noun.communication	
96-2	var	B-verb.stative	
96-3	ventede	B-verb.cognition	
96-4	.	O	

97-1	Han	O	
97-2	kalder	B-verb.communication	
97-3	ophævelsen	B-noun.act	
97-4	af	O	
97-5	braklægning	B-noun.act	
97-6	for	O	
97-7	"	O	
97-8	den	O	
97-9	største	B-adj.all	
97-10	naturkatastrofe	B-noun.phenomenon	
97-11	i	O	
97-12	Danmark	B-noun.institution	
97-13	"	O	
97-14	.	O	

98-1	de	O	
98-2	.	O	

99-1	Vi	O	
99-2	skulle	O	
99-3	have	B-verb.possession	
99-4	i	O	
99-5	tusindvis	O	
99-6	af	O	
99-7	blomstrende	B-adj.phys	
99-8	krokus	B-noun.plant	
99-9	,	O	
99-10	men	O	
99-11	i	O	
99-12	år	B-noun.time	
99-13	har	O	
99-14	halvdelen	B-noun.quantity	
99-15	været	O	
99-16	ædt	B-verb.consumption	
99-17	.	O	

100-1	Men	O	
100-2	glæden	B-noun.feeling	
100-3	varede	B-verb.stative	
100-4	kort	O	
100-5	.	O	

1-1	52%af	O	
1-2	danske	B-adj.social	
1-3	skoleledere	B-noun.person	

2-1	marts	B-noun.time	
2-2	til	O	
2-3	at	O	
2-4	hedde	B-verb.stative	
2-5	Drone	B-verb.communication	
2-6	og	O	
2-7	bliver	B-verb.stative	
2-8	nyt	B-adj.time	
2-9	tilholdssted	B-noun.location	
2-10	for	O	
2-11	elektronisk	B-adj.all	
2-12	og	O	
2-13	psykedelisk	B-adj.all	
2-14	musik	B-noun.domain	
2-15	.	O	

3-1	I	O	
3-2	øjeblikket	O	
3-3	overvejer	B-verb.cognition	
3-4	jeg	O	
3-5	,	O	
3-6	om	O	
3-7	vores	O	
3-8	døtre	B-noun.person	
3-9	efterhånden	O	
3-10	har	B-verb.stative	
3-11	alderen	B-noun.attribute	
3-12	til	O	
3-13	at	O	
3-14	få	O	
3-15	den	O	
3-16	læst	B-verb.communication	
3-17	højt	B-verb.PARTICLE	
3-18	i	O	
3-19	bilen	B-noun.vehicle	
3-20	,	O	
3-21	når	O	
3-22	vi	O	
3-23	kører	B-verb.motion	
3-24	sydpå	O	
3-25	.	O	

4-1	Parret	B-noun.person	
4-2	var	O	
4-3	ellers	O	
4-4	på	O	
4-5	forhånd	O	
4-6	spået	B-verb.cognition	
4-7	gode	B-adj.all	
4-8	chancer	B-noun.abstract	
4-9	,	O	
4-10	da	O	
4-11	de	O	
4-12	i	O	
4-13	All	B-noun.event	
4-14	England	I-noun.event	
4-15	-	I-noun.event	
4-16	kvartfinalen	I-noun.event	
4-17	slog	B-verb.competition	
4-18	netop	O	
4-19	Koo	O	
4-20	Kien	B-noun.person	
4-21	Keat	I-noun.person	
4-22	og	O	
4-23	Tan	B-noun.person	
4-24	Boon	I-noun.person	
4-25	Heong	I-noun.person	
4-26	fra	O	
4-27	Malaysia	B-noun.location	
4-28	.	O	

5-1	Jeg	O	
5-2	kan	B-verb.act	
5-3	ikke	O	
5-4	sige	B-verb.communication	
5-5	.	O	
5-6	.	O	
5-7	.	O	
5-8	puff	O	
5-9	-	O	
5-10	puff	O	
5-11	.	O	
5-12	.	O	

6-1	Kan	O	
6-2	både	O	
6-3	anbefales	B-verb.communication	
6-4	og	O	
6-5	ikke	O	
6-6	anbefales	B-verb.communication	
6-7	:	O	

7-1	Men	O	
7-2	i	O	
7-3	hele	B-adj.time	
7-4	2008	B-noun.time	
7-5	blev	O	
7-6	der	O	
7-7	kun	O	
7-8	rejst	B-verb.social	
7-9	sigtelser	B-verb.COLL	
7-10	i	O	
7-11	11	O	
7-12	procent	B-noun.quantity	
7-13	af	O	
7-14	sagerne	B-noun.abstract	
7-15	.	O	

8-1	Folketinget	B-noun.institution	
8-2	har	B-verb.possession	
8-3	senest	O	
8-4	i	O	
8-5	2010	B-noun.time	
8-6	en	O	
8-7	anledning	B-noun.motive	
8-8	til	O	
8-9	at	O	
8-10	gå	B-verb.cognition	
8-11	hele	O	
8-12	den	O	
8-13	anden	O	
8-14	terrorpakke	B-noun.abstract	
8-15	kritisk	O	
8-16	efter	B-verb.PARTICLE	
8-17	i	O	
8-18	sømmene	O	
8-19	.	O	

9-1	Musikalsk	O	
9-2	set	B-verb.cognition	
9-3	er	B-verb.stative	
9-4	"	O	
9-5	It	B-noun.communication	
9-6	'	I-noun.communication	
9-7	s	I-noun.communication	
9-8	Not	I-noun.communication	
9-9	Me	I-noun.communication	
9-10	,	I-noun.communication	
9-11	It	I-noun.communication	
9-12	'	I-noun.communication	
9-13	s	I-noun.communication	
9-14	You	I-noun.communication	
9-15	"	O	
9-16	ikke	O	
9-17	nær	O	
9-18	så	O	
9-19	farlig	B-adj.all	
9-20	og	O	
9-21	funky	B-adj.all	
9-22	som	O	
9-23	sin	O	
9-24	forgænger	B-noun.relation	
9-25	,	O	
9-26	men	O	
9-27	med	O	
9-28	enkelte	B-adj.all	
9-29	undtagelser	B-noun.relation	
9-30	er	B-verb.stative	
9-31	der	O	
9-32	tale	B-verb.COLL	
9-33	om	I-verb.COLL	
9-34	en	O	
9-35	popmusikalsk	B-adj.all	
9-36	lydside	B-noun.communication	
9-37	,	O	
9-38	der	O	
9-39	afsøger	B-verb.cognition	
9-40	ganske	O	
9-41	mange	O	
9-42	af	O	
9-43	popmusikkens	B-noun.communication	
9-44	kringelkroge	B-noun.attribute	
9-45	.	O	

10-1	Efter	O	
10-2	pausen	B-noun.time	
10-3	kom	B-verb.social	
10-4	han	O	
10-5	mere	O	
10-6	med	B-verb.PARTICLE	
10-7	i	O	
10-8	kombinationerne	B-noun.act	
10-9	længere	O	
10-10	oppe	O	
10-11	og	O	
10-12	var	B-verb.stative	
10-13	god	B-adj.all	
10-14	til	O	
10-15	at	O	
10-16	vende	B-verb.change	
10-17	spillet	B-noun.event	
10-18	i	O	
10-19	den	O	
10-20	afvekslende	B-adj.all	
10-21	kamp	B-noun.event	
10-22	,	O	
10-23	hvor	O	
10-24	begge	O	
10-25	hold	B-noun.person	
10-26	kom	B-verb.motion	
10-27	hurtigt	O	
10-28	fremad	B-verb.PARTICLE	
10-29	,	O	
10-30	når	O	
10-31	de	O	
10-32	fik	B-verb.possession	
10-33	bolden	B-noun.act	
10-34	.	O	

11-1	Statsadvokaten	B-noun.person	
11-2	skal	O	
11-3	igen	O	
11-4	undersøge	B-verb.cognition	
11-5	,	O	
11-6	om	O	
11-7	politiet	B-noun.institution	
11-8	opfører	B-verb.social	
11-9	sig	B-verb.REFLPRON	
11-10	ordentligt	O	
11-11	over	O	
11-12	for	O	
11-13	borgerne	B-noun.person	
11-14	.	O	

12-1	59	O	
12-2	år	B-noun.time	
12-3	i	O	
12-4	dag	B-noun.time	
12-5	.	O	

13-1	For	O	
13-2	med	O	
13-3	Liverpool	B-noun.event	
13-4	-	I-noun.event	
13-5	fuldtræffere	I-noun.event	
13-6	af	O	
13-7	spanierne	B-noun.person	
13-8	Fábio	B-noun.person	
13-9	Aurélio	I-noun.person	
13-10	og	O	
13-11	Xabi	B-noun.person	
13-12	Alonso	I-noun.person	
13-13	i	O	
13-14	en	O	
13-15	ultrakort	B-adj.time	
13-16	og	O	
13-17	åndeløst	O	
13-18	fortættet	B-adj.all	
13-19	sekvens	B-noun.event	
13-20	i	O	
13-21	1	O	
13-22	.	O	

14-1	Carlsberg	B-noun.institution	
14-2	kommer	B-verb.communication	
14-3	med	O	
14-4	regnskab	B-noun.possession	
14-5	i	O	
14-6	morgen	B-noun.time	
14-7	.	O	

15-1	april	B-noun.time	
15-2	fået	B-verb.possession	
15-3	over	O	
15-4	100	O	
15-5	.	O	
15-6	000	O	
15-7	brugere	B-noun.person	
15-8	.	O	

16-1	*	O	

17-1	Den	O	
17-2	schweiziske	B-adj.social	
17-3	skiløber	B-noun.person	
17-4	Daniel	B-noun.person	
17-5	Albrecht	I-noun.person	
17-6	,	O	
17-7	der	O	
17-8	har	O	
17-9	været	B-verb.stative	
17-10	lagt	B-verb.stative	
17-11	i	O	
17-12	koma	B-noun.state	
17-13	tre	O	
17-14	uger	B-noun.time	
17-15	siden	O	
17-16	sin	O	
17-17	ulykke	B-noun.event	
17-18	i	O	
17-19	Kitzbühl	B-noun.location	
17-20	i	O	
17-21	sidste	B-adj.time	
17-22	måned	B-noun.time	
17-23	,	O	
17-24	er	B-verb.stative	
17-25	blevet	O	
17-26	vækket	B-verb.social	
17-27	,	O	
17-28	men	O	
17-29	lægerne	B-noun.person	
17-30	på	O	
17-31	Innsbrucks	B-noun.location	
17-32	universitetshospital	B-noun.building	
17-33	oplyser	B-verb.communication	
17-34	dog	O	
17-35	,	O	
17-36	at	O	
17-37	skiløberen	B-noun.person	
17-38	endnu	O	
17-39	ikke	O	
17-40	er	O	
17-41	begyndt	B-verb.aspectual	
17-42	at	O	
17-43	tale	B-verb.communication	
17-44	.	O	

18-1	ritzau	B-noun.institution	

19-1	Enhver	O	
19-2	hipster	B-noun.person	
19-3	vil	B-verb.emotion	
19-4	nægte	B-verb.cognition	
19-5	at	O	
19-6	kalde	B-verb.cognition	
19-7	sig	O	
19-8	selv	O	
19-9	hipster	B-noun.person	
19-10	.	O	

20-1	Det	O	
20-2	behov	B-noun.feeling	
20-3	så	B-verb.perception	
20-4	EU	B-noun.institution	
20-5	for	O	
20-6	år	B-noun.time	
20-7	tilbage	O	
20-8	,	O	
20-9	og	O	
20-10	nu	O	
20-11	er	B-verb.stative	
20-12	der	O	
20-13	heldigvis	O	
20-14	blevet	O	
20-15	gjort	B-verb.act	
20-16	noget	O	
20-17	ved	O	
20-18	det	O	
20-19	.	O	

21-1	timer	B-noun.time	
21-2	arbejder	B-verb.act	
21-3	hver	O	
21-4	dansker	B-noun.person	
21-5	i	O	
21-6	job	B-noun.state	
21-7	mere	O	
21-8	om	O	
21-9	året	B-noun.time	
21-10	end	O	
21-11	i	O	
21-12	1995	B-noun.time	
21-13	:	O	

22-1	"	O	
22-2	I	O	
22-3	de	O	
22-4	1	O	
22-5	.	O	
22-6	050	O	
22-7	.	O	
22-8	000	O	
22-9	kr	B-noun.quantity	
22-10	.	O	

23-1	ALGIER	B-noun.location	
23-2	.	O	

24-1	Når	O	
24-2	banken	B-noun.building	
24-3	åbnede	B-verb.act	
24-4	,	O	
24-5	skulle	B-verb.emotion	
24-6	vi	O	
24-7	bare	O	
24-8	hæve	B-verb.possession	
24-9	penge	B-noun.artifact	
24-10	ved	O	
24-11	kassen	B-noun.artifact	
24-12	.	O	

25-1	Jeg	O	
25-2	har	O	
25-3	talt	B-verb.communication	
25-4	med	O	
25-5	de	O	
25-6	pågældende	B-adj.all	
25-7	medarbejdere	B-noun.person	
25-8	og	O	
25-9	bedt	B-verb.communication	
25-10	dem	O	
25-11	holde	B-verb.act	
25-12	sig	O	
25-13	fra	O	
25-14	at	O	
25-15	anmelde	B-verb.communication	
25-16	så	O	
25-17	ligegyldige	B-adj.all	
25-18	begivenheder	B-noun.event	
25-19	i	O	
25-20	fremtiden	B-noun.time	
25-21	.	O	

26-1	"	O	
26-2	En	O	
26-3	omsorgsfuld	B-adj.mental	
26-4	hård	B-noun.person	
26-5	negl	I-noun.person	
26-6	vender	B-verb.motion	
26-7	tilbage	B-verb.PARTICLE	
26-8	til	O	
26-9	Helmand	B-noun.location	
26-10	"	O	
26-11	,	O	
26-12	skrev	B-verb.communication	
26-13	Politiken	B-noun.communication	
26-14	.	O	

27-1	TV	B-noun.communication	
27-2	-	I-noun.communication	
27-3	avisens	I-noun.communication	
27-4	reportere	B-noun.person	
27-5	Steffen	B-noun.person	
27-6	Gram	I-noun.person	
27-7	,	O	
27-8	Lillian	B-noun.person	
27-9	Frausing	I-noun.person	
27-10	Gjerulff	I-noun.person	
27-11	og	O	
27-12	Claus	B-noun.person	
27-13	Fahrendorff	I-noun.person	
27-14	er	B-verb.stative	
27-15	på	O	
27-16	gaden	B-noun.location	
27-17	i	O	
27-18	Washington	B-noun.location	
27-19	DC	I-noun.location	
27-20	og	O	
27-21	rapporterer	B-verb.communication	
27-22	fra	O	
27-23	den	O	
27-24	store	B-adj.all	
27-25	dag	B-noun.time	
27-26	.	O	

28-1	Der	O	
28-2	går	B-verb.stative	
28-3	ikke	O	
28-4	mange	O	
28-5	år	B-noun.time	
28-6	,	O	
28-7	før	O	
28-8	der	O	
28-9	bliver	O	
28-10	lavet	B-verb.creation	
28-11	noget	O	
28-12	nyt	B-adj.all	
28-13	af	O	
28-14	nogle	O	
28-15	andre	O	
28-16	,	O	
28-17	der	O	
28-18	tænker	B-verb.cognition	
28-19	,	O	
28-20	at	O	
28-21	nu	O	
28-22	må	B-verb.emotion	
28-23	de	O	
28-24	kraftedeme	O	
28-25	til	O	
28-26	at	O	
28-27	tage	B-verb.cognition	
28-28	sig	B-verb.REFLPRON	
28-29	sammen	B-verb.COLL	
28-30	i	O	
28-31	Super16	B-verb.communication	
28-32	"	O	
28-33	,	O	
28-34	siger	B-verb.communication	
28-35	Carsten	B-noun.person	
28-36	Myllerup	I-noun.person	
28-37	.	O	

29-1	lige	O	
29-2	indtil	O	
29-3	nu	O	
29-4	,	O	
29-5	for	O	
29-6	når	O	
29-7	skulpturen	B-noun.artifact	
29-8	til	O	
29-9	juni	B-noun.time	
29-10	genindtager	B-verb.motion	
29-11	sin	O	
29-12	faste	B-adj.all	
29-13	plads	B-noun.location	
29-14	i	O	
29-15	bybilledet	B-noun.location	
29-16	,	O	
29-17	ændrer	B-verb.change	
29-18	hun	O	
29-19	nok	O	
29-20	samtidig	O	
29-21	navn	B-noun.attribute	
29-22	til	O	
29-23	'	O	
29-24	Maren	B-noun.communication	
29-25	o	I-noun.communication	
29-26	æ	I-noun.communication	
29-27	lift	I-noun.communication	
29-28	'	O	
29-29	.	O	

30-1	Nu	O	
30-2	falder	B-verb.aspectual	
30-3	klokken	B-noun.artifact	
30-4	i	B-verb.COLL	
30-5	slag	I-verb.COLL	
30-6	for	O	
30-7	40	O	
30-8	års	B-noun.time	
30-9	forskning	B-noun.cognition	
30-10	,	O	
30-11	siger	B-verb.communication	
30-12	vi	O	
30-13	til	O	
30-14	hinanden	O	
30-15	på	O	
30-16	stolerækkerne	B-noun.location	
30-17	,	O	
30-18	men	O	
30-19	nej	O	
30-20	-	O	
30-21	det	O	
30-22	er	B-verb.stative	
30-23	sikkerhedsannoncering	B-noun.communication	
30-24	om	O	
30-25	nødudgange	B-noun.artifact	
30-26	,	O	
30-27	gule	B-adj.phys	
30-28	veste	B-noun.artifact	
30-29	og	O	
30-30	samlingssteder	B-noun.location	
30-31	i	O	
30-32	tilfælde	B-noun.event	
30-33	af	O	
30-34	en	O	
30-35	evakuering	B-noun.event	
30-36	.	O	

31-1	P	O	
31-2	.	O	

32-1	Petri	O	
32-2	bringer	O	

33-1	Pengene	B-noun.artifact	
33-2	er	B-verb.stative	
33-3	især	O	
33-4	brugt	B-verb.possession	
33-5	til	O	
33-6	indkøb	B-noun.possession	
33-7	af	O	
33-8	ekstra	O	
33-9	ammunition	B-noun.artifact	
33-10	og	O	
33-11	udstyr	B-noun.artifact	
33-12	til	O	
33-13	soldaterne	B-noun.person	
33-14	i	O	
33-15	Afghanistan	B-noun.location	
33-16	.	O	

34-1	Wagner	B-noun.person	
34-2	mener	B-verb.cognition	
34-3	,	O	
34-4	at	O	
34-5	tsunamien	B-noun.phenomenon	
34-6	i	O	
34-7	Sydøstasien	B-noun.location	
34-8	og	O	
34-9	oversvømmelsen	B-noun.phenomenon	
34-10	af	O	
34-11	New	B-noun.location	
34-12	Orleans	I-noun.location	
34-13	er	O	
34-14	Guds	B-noun.person	
34-15	straf	B-noun.act	
34-16	over	O	
34-17	vores	O	
34-18	synder	B-noun.act	
34-19	.	O	

35-1	Men	O	
35-2	at	O	
35-3	det	O	
35-4	bliver	B-verb.stative	
35-5	veloplagt	B-adj.all	
35-6	,	O	
35-7	tør	O	
35-8	vi	O	
35-9	godt	O	
35-10	love	B-verb.communication	
35-11	.	O	

36-1	"	O	
36-2	Vi	O	
36-3	har	O	
36-4	vist	B-verb.act	
36-5	i	O	
36-6	europæisk	B-adj.social	
36-7	sammenhæng	B-noun.relation	
36-8	,	O	
36-9	at	O	
36-10	vi	O	
36-11	har	O	
36-12	været	B-verb.stative	
36-13	gode	B-adj.all	
36-14	til	O	
36-15	at	O	
36-16	spille	B-verb.competition	
36-17	opgør	B-noun.event	
36-18	,	O	
36-19	der	O	
36-20	afgøres	B-verb.act	
36-21	over	O	
36-22	to	O	
36-23	kampe	B-noun.event	
36-24	,	O	
36-25	og	O	
36-26	den	O	
36-27	erfaring	B-noun.cognition	
36-28	vi	O	
36-29	har	B-verb.possession	
36-30	med	B-verb.PARTICLE	
36-31	herfra	O	
36-32	,	O	
36-33	skal	B-verb.emotion	
36-34	vi	O	
36-35	udnytte	B-verb.cognition	
36-36	.	O	

37-1	Udleveringen	B-noun.act	
37-2	af	O	
37-3	den	O	
37-4	89	B-adj.all	
37-5	-	I-adj.all	
37-6	årige	I-adj.all	
37-7	John	B-noun.person	
37-8	Demjanjuk	I-noun.person	
37-9	,	O	
37-10	der	O	
37-11	menes	B-verb.cognition	
37-12	at	O	
37-13	være	B-verb.stative	
37-14	identisk	B-adj.phys	
37-15	med	O	
37-16	en	O	
37-17	kzlejrchef	B-noun.person	
37-18	,	O	
37-19	'	O	
37-20	Ivan	B-noun.person	
37-21	den	I-noun.person	
37-22	Grusomme	I-noun.person	
37-23	'	O	
37-24	,	O	
37-25	nærmer	B-verb.motion	
37-26	sig	B-verb.REFLPRON	
37-27	.	O	

38-1	Jeg	O	
38-2	har	O	
38-3	sagt	B-verb.communication	
38-4	det	O	
38-5	før	O	
38-6	og	O	
38-7	siger	B-verb.communication	
38-8	det	O	
38-9	gerne	O	
38-10	igen	O	
38-11	:	O	

39-1	Maleriet	B-noun.artifact	
39-2	,	O	
39-3	'	O	
39-4	Lad	B-noun.communication	
39-5	de	I-noun.communication	
39-6	små	I-noun.communication	
39-7	børn	I-noun.communication	
39-8	komme	I-noun.communication	
39-9	til	I-noun.communication	
39-10	mig	I-noun.communication	
39-11	'	O	
39-12	,	O	
39-13	vurderes	B-verb.cognition	
39-14	til	O	
39-15	en	O	
39-16	værdi	B-noun.attribute	
39-17	på	O	
39-18	mellem	O	
39-19	15	O	
39-20	og	O	
39-21	20	O	
39-22	millioner	B-noun.quantity	
39-23	kroner	B-noun.quantity	
39-24	og	O	
39-25	betegnes	B-verb.communication	
39-26	som	O	
39-27	unikt	B-adj.social	
39-28	i	O	
39-29	norsk	B-adj.social	
39-30	kunst	B-noun.domain	
39-31	og	O	
39-32	kirkeverden	B-noun.domain	
39-33	.	O	

40-1	komme	B-noun.communication	
40-2	med	O	
40-3	forslag	B-noun.communication	
40-4	til	O	
40-5	en	O	
40-6	skattereform	B-noun.event	
40-7	,	O	
40-8	der	O	
40-9	først	O	
40-10	og	O	
40-11	fremmest	O	
40-12	skal	O	
40-13	give	B-verb.change	
40-14	en	O	
40-15	"	O	
40-16	markant	B-adj.all	
40-17	reduktion	B-noun.event	
40-18	af	O	
40-19	skatten	B-noun.possession	
40-20	på	O	
40-21	arbejdsindkomst	B-noun.possession	
40-22	"	O	
40-23	.	O	

41-1	Og	O	
41-2	når	O	
41-3	først	O	
41-4	loven	B-noun.cognition	
41-5	er	B-verb.stative	
41-6	vedtaget	B-verb.cognition	
41-7	,	O	
41-8	er	B-verb.stative	
41-9	løbet	B-noun.event	
41-10	som	O	
41-11	regel	O	
41-12	kørt	B-verb.motion	
41-13	.	O	

42-1	Det	O	
42-2	første	B-adj.time	
42-3	maraton	B-noun.event	
42-4	er	B-verb.stative	
42-5	en	O	
42-6	stor	B-adj.phys	
42-7	mundfuld	B-noun.act	
42-8	at	O	
42-9	klare	B-verb.act	
42-10	alene	O	
42-11	.	O	

43-1	vinduet	B-noun.artifact	
43-2	stirrede	B-verb.perception	
43-3	længe	O	

44-1	lukkede	B-verb.TOP	
44-2	3	O	
44-3	,	O	
44-4	1	O	
44-5	pct	O	
44-6	.	O	

45-1	Kobberstikket	B-noun.artifact	
45-2	viser	B-verb.act	
45-3	helt	O	
45-4	klart	O	
45-5	et	O	
45-6	individ	B-noun.person	
45-7	,	O	
45-8	manden	B-noun.person	
45-9	på	O	
45-10	Cobbe	B-noun.artifact	
45-11	-	I-noun.artifact	
45-12	portrættet	I-noun.artifact	
45-13	ser	B-verb.perception	
45-14	lidt	O	
45-15	mere	O	
45-16	glat	O	
45-17	ud	B-verb.PARTICLE	
45-18	,	O	
45-19	som	O	
45-20	om	O	
45-21	han	O	
45-22	sad	B-verb.stative	
45-23	model	B-noun.person	
45-24	til	O	
45-25	en	O	
45-26	pengeseddel	B-noun.artifact	
45-27	.	O	

46-1	fr	O	
46-2	/	O	
46-3	documentation	O	
46-4	/	O	
46-5	museo	O	
46-6	.	O	

47-1	Man	O	
47-2	hører	B-verb.perception	
47-3	hendes	O	
47-4	karakteristiske	B-adj.all	
47-5	digtoplæsning	B-noun.communication	
47-6	med	O	
47-7	uddrag	B-noun.relation	
47-8	fra	O	
47-9	de	O	
47-10	store	B-adj.phys	
47-11	samlinger	B-noun.abstract	
47-12	'	O	
47-13	Det	B-noun.communication	
47-14	'	O	
47-15	og	O	
47-16	'	O	
47-17	Alfabet	B-noun.communication	
47-18	'	O	
47-19	,	O	
47-20	og	O	
47-21	der	O	
47-22	er	B-verb.stative	
47-23	et	O	
47-24	flashback	B-noun.event	
47-25	til	O	
47-26	maj	B-noun.time	
47-27	1968	B-noun.time	
47-28	,	O	
47-29	da	O	
47-30	forfatteren	B-noun.person	
47-31	boede	B-verb.stative	
47-32	i	O	
47-33	Paris	B-noun.location	
47-34	.	O	

48-1	København	B-noun.location	
48-2	"	O	
48-3	først	B-adj.all	
48-4	tørnede	B-verb.social	
48-5	sammen	O	
48-6	i	O	
48-7	Parken	B-noun.location	
48-8	"	O	
48-9	.	O	

49-1	En	O	
49-2	af	O	
49-3	de	O	
49-4	overordnede	B-adj.all	
49-5	ledere	B-noun.person	
49-6	af	O	
49-7	redningsindsatsen	B-noun.act	
49-8	,	O	
49-9	Keiran	B-noun.person	
49-10	Walshe	I-noun.person	
49-11	,	O	
49-12	siger	B-verb.communication	
49-13	til	O	
49-14	netavisen	B-noun.communication	
49-15	theage	B-noun.communication	
49-16	.	I-noun.communication	
49-17	com	I-noun.communication	
49-18	,	O	
49-19	at	O	
49-20	man	O	
49-21	nu	O	
49-22	har	O	
49-23	lokaliseret	B-verb.act	
49-24	alle	O	
49-25	de	O	
49-26	savnede	B-adj.all	
49-27	ofre	B-noun.person	
49-28	for	O	
49-29	branden	B-noun.event	
49-30	.	O	

50-1	For	O	
50-2	muslimer	B-noun.person	
50-3	af	O	
50-4	samme	O	
50-5	uddannelse	B-noun.attribute	
50-6	og	O	
50-7	baggrund	B-noun.relation	
50-8	som	O	
50-9	vores	O	
50-10	er	B-verb.stative	
50-11	kriminaliteten	B-noun.event	
50-12	helt	O	
50-13	i	O	
50-14	bund	O	
50-15	.	O	

51-1	Redaktør	B-noun.person	
51-2	af	O	
51-3	Kunsttidsskriftet	B-noun.communication	
51-4	North	B-noun.communication	
51-5	Art	I-noun.communication	
51-6	Magazine	I-noun.communication	
51-7	Bent	B-noun.person	
51-8	Petersen	I-noun.person	
51-9	skriver	B-verb.communication	
51-10	om	O	
51-11	kunstner	B-noun.person	

52-1	Og	O	
52-2	dermed	O	
52-3	også	O	
52-4	chancen	B-noun.abstract	
52-5	for	O	
52-6	et	O	
52-7	nyt	B-adj.time	
52-8	borgerligt	B-adj.social	
52-9	projekt	B-noun.event	
52-10	.	O	

53-1	Men	O	
53-2	risikoen	B-noun.abstract	
53-3	for	O	
53-4	,	O	
53-5	at	O	
53-6	et	O	
53-7	sådant	B-adj.all	
53-8	barn	B-noun.person	
53-9	bliver	B-verb.change	
53-10	sygt	B-adj.phys	
53-11	eller	O	
53-12	handikappet	B-adj.phys	
53-13	,	O	
53-14	er	B-verb.stative	
53-15	altid	O	
53-16	til	O	
53-17	stede	B-noun.location	
53-18	,	O	
53-19	vurderer	B-verb.cognition	
53-20	professor	B-noun.person	
53-21	Karen	B-noun.person	
53-22	Brøndum	I-noun.person	
53-23	-	I-noun.person	
53-24	Nielsen	I-noun.person	
53-25	fra	O	
53-26	forsknings	B-noun.institution	
53-27	-	I-noun.institution	
53-28	og	I-noun.institution	
53-29	rådgivningscenteret	I-noun.institution	
53-30	for	O	
53-31	genetik	B-noun.domain	
53-32	,	O	
53-33	Kennedy	B-noun.institution	
53-34	Centeret	I-noun.institution	
53-35	.	O	

54-1	Det	O	
54-2	er	B-verb.stative	
54-3	ikke	O	
54-4	kun	O	
54-5	militær	B-adj.social	
54-6	bistand	B-noun.event	
54-7	,	O	
54-8	der	O	
54-9	er	O	
54-10	kommet	B-verb.possession	
54-11	fra	O	
54-12	den	O	
54-13	revolutionære	B-adj.social	
54-14	østat	B-noun.location	
54-15	.	O	

55-1	Disse	B-verb.contact	
55-2	forretninger	B-noun.building	
55-3	og	O	
55-4	websider	B-noun.communication	
55-5	er	B-verb.stative	
55-6	ikke	O	
55-7	godkendt	B-verb.cognition	
55-8	af	O	
55-9	eller	O	
55-10	på	O	
55-11	nogen	O	
55-12	måde	O	
55-13	forbundet	B-verb.contact	
55-14	med	O	
55-15	de	O	
55-16	amerikanske	B-adj.social	
55-17	myndigheder	B-noun.institution	
55-18	.	O	

56-1	Uddrag	B-noun.relation	

57-1	Undervisningsminister	B-noun.person	
57-2	Bertel	B-noun.person	
57-3	Haarder	I-noun.person	
57-4	(	O	
57-5	V	O	
57-6	)	O	

58-1	Danske	B-adj.social	
58-2	banker	B-noun.institution	
58-3	ser	B-verb.perception	
58-4	ikke	O	
58-5	ud	B-verb.PARTICLE	
58-6	til	O	
58-7	at	O	
58-8	mangle	O	
58-9	likviditet	B-noun.possession	
58-10	.	O	

59-1	Sideløbende	O	
59-2	med	O	
59-3	det	O	
59-4	kunstneriske	B-adj.all	
59-5	arbejde	B-noun.act	
59-6	har	O	
59-7	Anette	B-noun.person	
59-8	Blæsbjerg	I-noun.person	
59-9	Ørom	I-noun.person	
59-10	været	B-verb.stative	
59-11	aktiv	B-adj.all	
59-12	som	O	
59-13	kurator	B-noun.person	
59-14	.	O	

60-1	Desværre	O	
60-2	er	B-verb.stative	
60-3	der	O	
60-4	lidt	O	
60-5	for	O	
60-6	meget	O	
60-7	slinger	B-noun.event	
60-8	i	O	
60-9	valsen	B-noun.event	
60-10	hen	O	
60-11	imod	O	
60-12	slutningen	B-noun.time	
60-13	,	O	
60-14	hvor	O	
60-15	der	O	
60-16	dukker	B-verb.phenomenon	
60-17	kiksede	B-adj.all	
60-18	navne	O	
60-19	som	O	
60-20	Anouk	B-noun.person	
60-21	,	O	
60-22	Trust	B-noun.person	
60-23	og	O	
60-24	Airbourne	B-noun.person	
60-25	op	O	
60-26	.	O	

61-1	Som	O	
61-2	tentakler	B-noun.attribute	
61-3	graver	B-verb.motion	
61-4	rødderne	B-noun.plant	
61-5	sig	B-verb.REFLPRON	
61-6	ned	O	
61-7	igennem	O	
61-8	lagene	B-noun.relation	
61-9	af	O	
61-10	Historien	B-noun.domain	
61-11	,	O	
61-12	historier	B-noun.communication	
61-13	og	O	
61-14	naturhistorie	B-noun.domain	
61-15	,	O	
61-16	indtil	O	
61-17	rodspidsen	B-noun.plant	
61-18	kildrer	B-verb.contact	
61-19	Tollundmanden	B-noun.person	
61-20	under	O	
61-21	næsen	B-noun.body	
61-22	.	O	

62-1	"	O	
62-2	Til	O	
62-3	almindelige	B-adj.all	
62-4	baller	B-noun.event	
62-5	i	O	
62-6	Wien	B-noun.location	
62-7	kommer	B-verb.motion	
62-8	folk	B-noun.person	
62-9	primært	O	
62-10	for	O	
62-11	at	O	
62-12	danse	B-verb.social	
62-13	.	O	

63-1	I	O	
63-2	Hadsund	B-noun.location	
63-3	mistede	B-verb.phenomenon	
63-4	en	O	
63-5	40	B-adj.time	
63-6	-	I-adj.time	
63-7	årig	I-adj.time	
63-8	kvinde	B-noun.person	
63-9	i	O	
63-10	går	B-noun.time	
63-11	eftermiddag	B-noun.time	
63-12	livet	B-verb.COLL	
63-13	efter	O	
63-14	et	O	
63-15	frontalt	B-adj.all	
63-16	sammenstød	B-noun.event	
63-17	på	O	
63-18	Hobrovej	B-noun.location	
63-19	.	O	

64-1	ritzau	B-noun.institution	

65-1	pas	B-noun.TOP	

66-1	"	O	
66-2	Jeg	O	
66-3	er	B-verb.stative	
66-4	opmuntret	B-verb.social	
66-5	af	O	
66-6	rigsadvokatens	B-noun.person	
66-7	nuancerede	B-adj.all	
66-8	udtalelser	B-noun.communication	
66-9	og	O	
66-10	enig	B-adj.mental	
66-11	i	O	
66-12	hans	O	
66-13	vurdering	B-noun.cognition	
66-14	.	O	

67-1	Kandidatreglen	B-noun.abstract	
67-2	vil	O	
67-3	med	O	
67-4	så	O	
67-5	godt	O	
67-6	som	O	
67-7	100	O	
67-8	procents	B-noun.quantity	
67-9	sikkerhed	B-noun.attribute	
67-10	ikke	O	
67-11	ramme	B-verb.change	
67-12	hende	O	
67-13	.	O	

68-1	Forestil	O	
68-2	dig	O	
68-3	,	O	
68-4	at	O	
68-5	du	O	
68-6	køber	B-verb.possession	
68-7	en	O	
68-8	liter	B-noun.quantity	
68-9	mælk	B-noun.food	
68-10	i	O	
68-11	supermarkedet	B-noun.building	
68-12	,	O	
68-13	men	O	
68-14	først	O	
68-15	kan	O	
68-16	få	O	
68-17	at	O	
68-18	vide	B-verb.cognition	
68-19	,	O	
68-20	hvad	O	
68-21	du	O	
68-22	har	O	
68-23	betalt	B-verb.possession	
68-24	for	O	
68-25	den	O	
68-26	,	O	
68-27	to	O	
68-28	uger	B-noun.time	
68-29	efter	O	
68-30	.	O	

69-1	Ambassadør	B-noun.person	

70-1	Og	O	
70-2	besøgene	B-noun.act	
70-3	gav	B-verb.possession	
70-4	flere	O	
70-5	gode	B-adj.all	
70-6	indtryk	B-noun.cognition	
70-7	,	O	
70-8	fortalte	B-verb.communication	
70-9	statsministeren	B-noun.person	
70-10	efter	O	
70-11	rundturen	B-noun.act	
70-12	:	O	

71-1	De	O	
71-2	er	B-verb.stative	
71-3	interessante	B-adj.mental	
71-4	,	O	
71-5	fordi	O	
71-6	det	O	
71-7	i	O	
71-8	sidste	B-adj.time	
71-9	ende	B-noun.time	
71-10	er	O	
71-11	USA	B-noun.location	
71-12	,	O	
71-13	Frankrig	B-noun.location	
71-14	,	O	
71-15	Tyskland	B-noun.location	
71-16	og	O	
71-17	Storbritannien	B-noun.location	
71-18	,	O	
71-19	der	O	
71-20	bestemmer	B-verb.cognition	
71-21	,	O	
71-22	hvem	O	
71-23	der	O	
71-24	får	B-verb.possession	
71-25	jobbet	B-noun.state	
71-26	.	O	

72-1	Dybest	O	
72-2	set	O	
72-3	handler	B-verb.act	
72-4	det	O	
72-5	her	O	
72-6	om	O	
72-7	,	B-noun.person	
72-8	at	I-noun.person	
72-9	statsministeren	B-noun.person	
72-10	er	O	
72-11	uenig	B-adj.mental	
72-12	mit	O	
72-13	synspunkt	B-noun.cognition	
72-14	,	O	
72-15	og	O	
72-16	det	O	
72-17	vil	O	
72-18	jo	O	
72-19	være	B-verb.stative	
72-20	interessant	B-adj.mental	
72-21	at	O	
72-22	diskutere	B-verb.communication	
72-23	"	O	
72-24	,	O	
72-25	sagde	B-verb.communication	
72-26	hun	O	
72-27	.	O	

73-1	Den	O	
73-2	britiske	B-adj.social	
73-3	finansminister	B-noun.person	
73-4	Roy	B-noun.person	
73-5	Jenkins	I-noun.person	
73-6	præsenterede	B-verb.communication	
73-7	i	O	
73-8	går	B-noun.time	
73-9	i	O	
73-10	sin	O	
73-11	budgettale	B-noun.communication	
73-12	i	O	
73-13	Underhuset	B-noun.building	
73-14	briterne	B-noun.person	
73-15	for	O	
73-16	en	O	
73-17	ekstraregning	B-noun.possession	
73-18	på	O	
73-19	6	O	
73-20	milliarder	B-noun.quantity	
73-21	kroner	B-noun.quantity	
73-22	,	O	
73-23	der	O	
73-24	skal	B-verb.emotion	
73-25	opkræves	B-verb.possession	
73-26	gennem	O	
73-27	indirekte	O	
73-28	skatter	B-noun.possession	
73-29	.	O	

74-1	Politikens	B-noun.communication	
74-2	Jan	B-noun.person	
74-3	Grarup	I-noun.person	
74-4	opsøgte	B-verb.act	
74-5	nogle	O	
74-6	af	O	
74-7	dem	O	
74-8	.	O	

75-1	Iben	B-noun.person	
75-2	Thraneholm	I-noun.person	
75-3	udfordrer	B-verb.cognition	
75-4	vanetænkning	B-noun.cognition	
75-5	og	O	
75-6	fremmer	B-verb.change	
75-7	dialogen	B-noun.communication	
75-8	mellem	O	
75-9	forskellige	B-adj.all	
75-10	religiøse	B-adj.social	
75-11	grupper	B-noun.person	
75-12	.	O	

76-1	HÅNDBOLD	B-noun.TOP	
76-2	.	O	

77-1	Det	O	
77-2	får	O	
77-3	til	O	
77-4	gengæld	O	
77-5	Kina	B-noun.location	
77-6	til	O	
77-7	at	O	
77-8	advare	B-verb.communication	
77-9	EU	B-noun.institution	
77-10	mod	O	
77-11	protektionisme	B-noun.cognition	
77-12	.	O	

78-1	Garvede	B-adj.all	
78-2	hestekendere	B-noun.person	
78-3	Hvad	O	
78-4	?	O	

79-1	Jeg	O	
79-2	er	B-verb.stative	
79-3	dog	O	
79-4	helt	B-adj.all	
79-5	sikker	B-adj.mental	
79-6	på	O	
79-7	,	O	
79-8	at	O	
79-9	det	O	
79-10	var	B-verb.stative	
79-11	et	O	
79-12	forsøg	B-noun.act	
79-13	på	O	
79-14	at	O	
79-15	true	B-verb.social	
79-16	mig	O	
79-17	,	O	
79-18	for	O	
79-19	alle	O	
79-20	ved	B-verb.cognition	
79-21	,	O	
79-22	at	O	
79-23	den	O	
79-24	minibus	B-noun.vehicle	
79-25	tilhører	B-verb.possession	
79-26	mig	O	
79-27	"	O	
79-28	,	O	
79-29	siger	B-verb.communication	
79-30	Khalid	B-noun.person	
79-31	al	I-noun.person	
79-32	-	I-noun.person	
79-33	Subaihi	I-noun.person	
79-34	.	O	

80-1	"	O	
80-2	Jamen	O	
80-3	politik	B-noun.institution	
80-4	handler	B-verb.act	
80-5	om	O	
80-6	følelser	B-noun.feeling	
80-7	.	O	

81-1	Hele	B-adj.all	
81-2	den	O	
81-3	kulturhistoriske	B-adj.social	
81-4	og	O	
81-5	religiøse	B-adj.social	
81-6	dimension	B-noun.relation	
81-7	,	O	
81-8	som	O	
81-9	knytter	B-verb.act	
81-10	sig	O	
81-11	til	O	
81-12	vores	O	
81-13	spisevaner	B-noun.attribute	
81-14	interesserer	B-verb.cognition	
81-15	mig	O	
81-16	meget	O	
81-17	"	O	
81-18	.	O	

82-1	Svagt	B-adj.all	
82-2	lys	B-noun.phenomenon	
82-3	fra	O	
82-4	en	O	
82-5	afskærmet	B-adj.all	
82-6	halogenlampe	B-noun.artifact	
82-7	glider	B-verb.perception	
82-8	forbi	O	
82-9	.	O	

83-1	Eksperter	B-noun.person	
83-2	beroliger	B-verb.social	
83-3	folk	B-noun.person	
83-4	med	O	
83-5	,	O	
83-6	at	O	
83-7	det	O	
83-8	er	B-verb.stative	
83-9	sikkert	B-adj.all	
83-10	at	O	
83-11	gå	B-verb.motion	
83-12	i	O	
83-13	vandet	B-noun.substance	
83-14	,	O	
83-15	og	O	
83-16	det	O	
83-17	er	B-verb.stative	
83-18	et	O	
83-19	tilfælde	B-noun.abstract	
83-20	,	O	
83-21	at	O	
83-22	angrebene	B-noun.event	
83-23	er	O	
83-24	sket	B-verb.phenomenon	
83-25	så	O	
83-26	hurtigt	O	
83-27	efter	O	
83-28	hinanden	O	
83-29	.	O	

84-1	12	O	
84-2	.	O	
84-3	50	O	
84-4	.	O	

85-1	Dermed	O	
85-2	udelukker	B-verb.cognition	
85-3	hun	O	
85-4	blandt	O	
85-5	andet	O	
85-6	den	O	
85-7	danske	B-adj.social	
85-8	lydekspert	B-noun.person	
85-9	Eddy	B-noun.person	
85-10	Bøgh	I-noun.person	
85-11	Brixen	I-noun.person	
85-12	,	O	
85-13	som	O	
85-14	arbejder	B-verb.stative	
85-15	med	O	
85-16	lydbeviser	B-noun.abstract	
85-17	i	O	
85-18	danske	B-adj.social	
85-19	retssale	B-noun.building	
85-20	og	O	
85-21	for	O	
85-22	dansk	B-adj.social	
85-23	politi	B-noun.institution	
85-24	.	O	

86-1	fakta@pol	O	
86-2	.	O	

87-1	73%af	O	
87-2	amerikanerne	B-noun.person	
87-3	har	O	
87-4	skåret	B-verb.change	
87-5	ned	B-verb.PARTICLE	
87-6	på	O	
87-7	deres	O	
87-8	ferieudgifter	B-noun.possession	

88-1	Jeg	O	
88-2	har	O	
88-3	altid	O	
88-4	,	O	
88-5	og	O	
88-6	har	O	
88-7	det	O	
88-8	vel	O	
88-9	endnu	O	
88-10	,	O	
88-11	haft	B-verb.possession	
88-12	stor	B-adj.phys	
88-13	respekt	B-noun.feeling	
88-14	for	O	
88-15	vores	O	
88-16	velfærdssamfund	B-noun.abstract	
88-17	,	O	
88-18	men	O	
88-19	jeg	O	
88-20	må	O	
88-21	tilstå	B-verb.communication	
88-22	,	O	
88-23	at	O	
88-24	velfærden	B-noun.abstract	
88-25	også	O	
88-26	kan	B-verb.act	
88-27	blive	B-verb.stative	
88-28	dræbende	B-verb.phenomenon	
88-29	for	O	
88-30	livskvaliteten	B-noun.abstract	
88-31	,	O	
88-32	hvis	O	
88-33	velfærden	B-noun.abstract	
88-34	har	B-verb.stative	
88-35	så	O	
88-36	store	B-adj.phys	
88-37	omkostninger	B-noun.possession	
88-38	for	O	
88-39	det	O	
88-40	frie	B-adj.all	
88-41	liv	B-noun.abstract	
88-42	.	O	

89-1	Sydbank	B-noun.institution	
89-2	steg	B-verb.change	
89-3	3	O	
89-4	pct	B-noun.quantity	
89-5	.	O	
89-6	til	O	
89-7	kurs	B-noun.relation	
89-8	85	O	
89-9	,	O	
89-10	mens	O	
89-11	Jyske	B-noun.institution	
89-12	Bank	I-noun.institution	
89-13	blev	O	
89-14	løftet	B-verb.change	
89-15	2	O	
89-16	,	O	
89-17	4	O	
89-18	pct	B-noun.quantity	
89-19	.	O	
89-20	til	O	
89-21	kurs	B-noun.relation	
89-22	150	O	
89-23	.	O	

90-1	april	B-noun.time	
90-2	vist	O	
90-3	en	O	
90-4	række	B-noun.group	
90-5	film	B-noun.communication	
90-6	fra	O	
90-7	hele	B-adj.all	
90-8	verden	B-noun.location	
90-9	.	O	

91-1	Hele	B-adj.all	
91-2	orienteringsforløbet	B-noun.communication	
91-3	er	B-verb.stative	
91-4	ret	O	
91-5	omfattende	B-adj.all	
91-6	med	O	
91-7	en	O	
91-8	stor	B-adj.phys	
91-9	ansvarsbyrde	B-noun.abstract	
91-10	lagt	B-verb.motion	
91-11	på	O	
91-12	chaufføren	B-noun.person	
91-13	.	O	

92-1	Fra	O	
92-2	'	O	
92-3	Watchmen	B-noun.communication	
92-4	'	O	

93-1	Hvor	O	
93-2	seriøse	B-adj.mental	
93-3	medier	B-noun.communication	
93-4	som	O	
93-5	Børsen	B-noun.communication	
93-6	oftest	O	
93-7	også	O	
93-8	gør	B-verb.act	
93-9	dette	O	
93-10	i	O	
93-11	længere	B-adj.phys	
93-12	indbliksartikler	B-noun.communication	
93-13	,	O	
93-14	er	O	
93-15	den	O	
93-16	triste	B-adj.mental	
93-17	realitet	B-noun.abstract	
93-18	for	O	
93-19	mange	O	
93-20	avislæsere	B-noun.person	
93-21	og	O	
93-22	tv	O	
93-23	-	O	
93-24	seere	B-noun.person	
93-25	,	O	
93-26	at	O	
93-27	de	O	
93-28	i	O	
93-29	langt	O	
93-30	hovedparten	B-noun.relation	
93-31	af	O	
93-32	de	O	
93-33	artikler	B-noun.communication	
93-34	og	O	
93-35	indslag	B-noun.communication	
93-36	,	O	
93-37	der	O	
93-38	omhandler	B-verb.communication	
93-39	global	B-adj.social	
93-40	økonomi	B-noun.possession	
93-41	,	O	
93-42	oftest	O	
93-43	udelukkende	O	
93-44	bliver	O	
93-45	præsenteret	B-verb.communication	
93-46	for	O	
93-47	økonomer	B-noun.person	
93-48	ansat	B-verb.social	
93-49	i	O	
93-50	finansindustrien	B-noun.domain	
93-51	-	O	
93-52	dvs	O	
93-53	.	O	

94-1	Pop	B-noun.communication	
94-2	.	O	

95-1	Næsten	O	
95-2	en	O	
95-3	halv	O	
95-4	million	B-noun.quantity	
95-5	danskere	B-noun.person	
95-6	-	O	
95-7	454	O	
95-8	.	O	
95-9	000	O	
95-10	-	O	
95-11	har	O	
95-12	valgt	B-verb.cognition	
95-13	ikke	O	
95-14	at	O	
95-15	forsikre	B-verb.possession	
95-16	sig	B-verb.REFLPRON	
95-17	mod	O	
95-18	arbejdsløshed	B-noun.event	
95-19	i	O	
95-20	en	O	
95-21	akasse	B-noun.institution	
95-22	.	O	

96-1	singlehusstande	B-noun.building	

97-1	I	O	
97-2	Bolivia	B-noun.location	
97-3	fortsætter	B-verb.aspectual	
97-4	præsident	B-noun.person	
97-5	Evo	B-noun.person	
97-6	Morales	I-noun.person	
97-7	sin	O	
97-8	sultestrejke	B-noun.act	
97-9	,	O	
97-10	som	O	
97-11	han	O	
97-12	indledte	B-verb.aspectual	
97-13	i	O	
97-14	sidste	B-adj.time	
97-15	uge	B-noun.time	
97-16	.	O	

98-1	Der	O	
98-2	er	B-verb.stative	
98-3	brug	B-noun.possession	
98-4	for	O	
98-5	alle	B-adj.all	
98-6	sjæle	B-noun.person	
98-7	nu	O	
98-8	,	O	
98-9	til	O	
98-10	FredsVagten	B-noun.institution	
98-11	som	O	
98-12	til	O	
98-13	de	O	
98-14	tusinder	B-noun.quantity	
98-15	af	O	
98-16	andre	O	
98-17	dråber	B-noun.object	
98-18	,	O	
98-19	der	O	
98-20	skal	B-verb.stative	
98-21	til	B-verb.PARTICLE	
98-22	.	O	

99-1	Han	O	
99-2	blev	O	
99-3	indlagt	B-verb.motion	
99-4	i	O	
99-5	sidste	B-adj.time	
99-6	uge	B-noun.time	
99-7	.	O	

100-1	Den	O	
100-2	gode	B-adj.all	
100-3	gamle	B-adj.time	
100-4	håndmad	B-noun.food	
100-5	lever	B-verb.stative	
100-6	og	O	
100-7	har	B-verb.stative	
100-8	det	O	
100-9	godt	B-adj.all	
100-10	.	O	

